playlist,description,track_id,title,release,plays,album,artist1,artist2,artist3,artist_id,popularity_track,genre1,genre2,genre3,artist_followers,explicit,duration,danceability,energy,key,loudness,mode,speechiness,acousticness,instrumentalness,liveness,valence,tempo,time_signature
Rock Classics,Rock legends and epic songs that continue to inspire generations.,0hCB0YR03f6AmQaHbwWDe8,Whole Lotta Love - 1990 Remaster,1969-10-22,312401867,Led Zeppelin II (1994 Remaster),Led Zeppelin,,,36QJpDe2go2KgaRleHCDTp,79,album rock,classic rock,hard rock,10076501,0,333893,0.412,0.902,9,-11.6,1,0.405,0.0484,0.131,0.405,0.422,89.74,4
Rock Classics,Rock legends and epic songs that continue to inspire generations.,2aoo2jlRnM3A0NyLQqMN2f,All Along the Watchtower,1968-10-25,396212909,Electric Ladyland,Jimi Hendrix,,,776Uo845nYHJpNaStv1Ds4,80,acid rock,album rock,blues rock,4646142,0,240800,0.438,0.805,8,-6.237,1,0.0624,0.00255,5.69e-05,0.0842,0.564,113.253,4
Rock Classics,Rock legends and epic songs that continue to inspire generations.,08mG3Y1vljYA6bvDt4Wqkj,Back In Black,1980-07-25,699686028,Back In Black,AC/DC,,,711MCceyCBcFnzjGY4Q7Un,86,album rock,australian rock,hard rock,17481796,0,255493,0.31,0.7,9,-5.678,1,0.047,0.011,0.00965,0.0828,0.763,188.386,4
Rock Classics,Rock legends and epic songs that continue to inspire generations.,1RJeiAIwR9pZBgJA8ndZLL,"Paint It, Black - Mono",1966-01-01,nan,The Rolling Stones In Mono (Remastered 2016),The Rolling Stones,,,22bE4uQ6baNwSHPVcDxLCe,72,album rock,british invasion,classic rock,9625324,0,204480,0.505,0.836,5,-7.384,0,0.101,0.0103,0.0771,0.295,0.764,159.669,4
Rock Classics,Rock legends and epic songs that continue to inspire generations.,66lOpKgTyFjOrac4S1s94g,Rebel Rebel - 1999 Remaster,1974-04-24,nan,Diamond Dogs (30th Anniversary),David Bowie,,,0oSGxfWSnnOXhD2fKuz2Gy,0,album rock,art rock,classic rock,6370799,0,269360,0.676,0.92,9,-7.96,1,0.0435,0.00101,8.65e-06,0.248,0.624,126.341,4
Rock Classics,Rock legends and epic songs that continue to inspire generations.,2EqlS6tkEnglzr7tkKAAYD,Come Together - Remastered 2009,1969-09-26,370428817,Abbey Road (Remastered),The Beatles,,,3WrFJ7ztbogyGnTHbHJFl2,81,beatlesque,british invasion,classic rock,18332446,0,259947,0.533,0.376,9,-11.913,0,0.0393,0.0302,0.248,0.0926,0.187,165.007,4
Rock Classics,Rock legends and epic songs that continue to inspire generations.,39shmbIHICJ2Wxnk1fPSdz,Should I Stay or Should I Go - Remastered,1982,514406254,Combat Rock (Remastered),The Clash,,,3RGLhK1IP9jnYFH4BRFJBS,81,classic rock,dance rock,permanent wave,2015669,0,188987,0.742,0.833,2,-6.463,1,0.115,0.079,0.0,0.384,0.816,113.375,4
Rock Classics,Rock legends and epic songs that continue to inspire generations.,2KmEgiY8fQs0G6WNxtzQKr,Baba O'Riley,1971-08-14,311851826,Who's Next (Deluxe Edition),The Who,,,67ea9eGLXYMsO2eYQRui3w,0,album rock,art rock,blues rock,3736490,0,300400,0.489,0.724,5,-8.367,1,0.0352,0.313,0.185,0.287,0.15,117.292,4
Rock Classics,Rock legends and epic songs that continue to inspire generations.,24NwBd5vZ2CK8VOQVnqdxr,Sweet Emotion,1975-04-08,211104347,Toys In The Attic,Aerosmith,,,7Ey4PD4MYsKc5I2dolUwbH,77,album rock,classic rock,hard rock,9558104,0,274133,0.38,0.76,9,-10.961,1,0.0378,0.00298,0.0294,0.104,0.491,99.437,4
Rock Classics,Rock legends and epic songs that continue to inspire generations.,57JVGBtBLCfHw2muk5416J,Another One Bites The Dust - Remastered 2011,1980-06-27,919340699,The Game (Deluxe Remastered Version),Queen,,,1dfeR4HaWDbWqFHLkxsg1d,75,classic rock,glam rock,rock,31307394,0,214653,0.933,0.528,5,-6.472,0,0.162,0.112,0.329,0.163,0.756,109.975,4
Rock Classics,Rock legends and epic songs that continue to inspire generations.,5uvosCdMlFdTXhoazkTI5R,Light My Fire,1967-01-04,165378708,The Doors,The Doors,,,22WZ7M8sxp5THdruNY3gXt,75,acid rock,classic rock,psychedelic rock,5539797,0,429760,0.413,0.725,3,-5.787,0,0.0324,0.369,2.16e-05,0.0905,0.44,124.618,4
Rock Classics,Rock legends and epic songs that continue to inspire generations.,70YvYr2hGlS01bKRIho1HM,La Grange - 2005 Remaster,1973-07-26,266713108,Tres Hombres (Expanded 2006 Remaster),ZZ Top,,,2AM4ilv6UzW0uMRuqKtDgN,78,album rock,blues rock,classic rock,2825678,0,230480,0.545,0.64,4,-9.937,0,0.224,0.00249,0.0304,0.196,0.606,80.544,4
Rock Classics,Rock legends and epic songs that continue to inspire generations.,7MRyJPksH3G2cXHN8UKYzP,American Girl,1976-11-09,171950470,Tom Petty & The Heartbreakers,Tom Petty and the Heartbreakers,,,4tX2TplrkIP4v05BNC903e,76,album rock,classic rock,country rock,1647894,0,214733,0.55,0.824,2,-5.988,1,0.0334,0.448,0.000127,0.366,0.777,114.512,4
Rock Classics,Rock legends and epic songs that continue to inspire generations.,3YBZIN3rekqsKxbJc9FZko,Paradise City,1987-07-21,528568888,Appetite For Destruction,Guns N' Roses,,,3qm84nBOXUEQ2vnTfUTTFC,80,glam metal,hard rock,rock,19083943,0,405640,0.273,0.952,11,-8.762,1,0.0843,0.0169,0.0111,0.142,0.472,100.271,4
Rock Classics,Rock legends and epic songs that continue to inspire generations.,61Q9oJNd9hJQFhSDh6Qlap,House Of The Rising Sun,1966-02,nan,The Best Of The Animals,The Animals,,,3ICflSq6ZgYAIrm2CTkfVP,64,album rock,blues rock,british invasion,1635510,0,269720,0.315,0.534,9,-7.552,0,0.031,0.000825,0.108,0.101,0.283,116.891,3
Rock Classics,Rock legends and epic songs that continue to inspire generations.,3AhXZa8sUQht0UEdBJgpGc,Like a Rolling Stone,1965-08-30,203377380,Highway 61 Revisited,Bob Dylan,,,74ASZWbe4lXaubB36ztrGX,76,album rock,classic rock,country rock,4762366,0,369600,0.483,0.721,0,-6.836,1,0.032,0.729,0.0,0.189,0.562,95.261,4
Rock Classics,Rock legends and epic songs that continue to inspire generations.,2K2M0TcglCRLLpFOzKeFZA,Sunshine Of Your Love,2004-09-28,217512006,Disraeli Gears (Deluxe Edition),Cream,,,74oJ4qxwOZvX6oSsu1DGnw,73,album rock,art rock,blues rock,1536130,0,250400,0.683,0.594,2,-8.289,1,0.0347,0.385,8.61e-05,0.121,0.734,115.099,4
Rock Classics,Rock legends and epic songs that continue to inspire generations.,4CJVkjo5WpmUAKp3R44LNb,Sweet Home Alabama,1974-04-15,690777931,Second Helping,Lynyrd Skynyrd,,,4MVyzYMgTwdP7Z49wAZHx0,1,album rock,blues rock,classic rock,3170027,0,281147,0.597,0.605,7,-12.013,1,0.0255,0.181,0.000331,0.118,0.886,97.782,4
Rock Classics,Rock legends and epic songs that continue to inspire generations.,4BP3uh0hFLFRb5cjsgLqDh,Fortunate Son,1969-11-02,553451285,Willy And The Poor Boys,Creedence Clearwater Revival,,,3IYUhFvPQItj6xySrBmZkd,83,classic rock,country rock,rock,3989233,0,140773,0.64,0.663,0,-7.516,1,0.0374,0.201,0.00806,0.152,0.663,132.77,4
Rock Classics,Rock legends and epic songs that continue to inspire generations.,4gMgiXfqyzZLMhsksGmbQV,"Another Brick in the Wall, Pt. 2",1979-11-30,nan,The Wall,Pink Floyd,,,0k17h0D3J5VfsdmQ1iZtE9,78,album rock,art rock,classic rock,13674593,0,238747,0.694,0.394,0,-15.881,1,0.0428,0.0781,0.000677,0.247,0.719,104.126,4
Rock Classics,Rock legends and epic songs that continue to inspire generations.,2X6gdRlGOQgfaXU9ALUQFQ,The Chain,1977-02-04,460250385,Rumours,Fleetwood Mac,,,08GQAI4eElDnROBrJRGE0X,0,album rock,classic rock,mellow gold,5832636,0,271000,0.546,0.529,9,-13.6,1,0.0436,0.0629,0.000567,0.0383,0.574,151.727,4
Rock Classics,Rock legends and epic songs that continue to inspire generations.,1IqFh00G2kvvMm8pRMpehA,Me and Bobby McGee,1971-01-11,136803626,Pearl (Legacy Edition),Janis Joplin,,,4NgfOZCL9Ml67xzM0xzIvC,74,blues rock,classic rock,psychedelic rock,2367032,0,271333,0.43,0.463,2,-10.96,1,0.0442,0.303,5.84e-05,0.152,0.66,93.405,4
Rock Classics,Rock legends and epic songs that continue to inspire generations.,40riOy7x9W7GXjyGp4pjAv,Hotel California - 2013 Remaster,1976-12-08,746737857,Hotel California (2013 Remaster),Eagles,,,0ECwFtbIWEVNwjlrfc6xoL,85,album rock,classic rock,country rock,5934521,0,391376,0.579,0.508,2,-9.484,1,0.027,0.00574,0.000494,0.0575,0.609,147.125,4
Rock Classics,Rock legends and epic songs that continue to inspire generations.,371VkfwKiXJxgH5ZPoQNHD,The Joker,1973-01-01,241629727,The Joker,Steve Miller Band,,,6QtGlUje9TIkLrgPZrESuk,1,album rock,blues rock,classic rock,1806075,0,264504,0.596,0.448,5,-9.616,1,0.0396,0.365,5.3e-06,0.206,0.796,83.293,4
Rock Classics,Rock legends and epic songs that continue to inspire generations.,63OFKbMaZSDZ4wtesuuq6f,Born To Be Wild,1968,265591124,Steppenwolf,Steppenwolf,,,1WRM9i067hd2ujxxi8FI3m,76,acid rock,album rock,blues rock,1007932,0,210373,0.438,0.71,2,-12.412,1,0.0919,0.262,0.537,0.221,0.53,145.928,4
Rock Classics,Rock legends and epic songs that continue to inspire generations.,1qRA5BS78u3gME0loMl9AA,For What It's Worth,1966-12-05,260034707,Buffalo Springfield,Buffalo Springfield,,,3eskO5m0H4yiF64vRySBjr,77,blues rock,classic rock,country rock,511173,0,153693,0.653,0.519,2,-10.164,1,0.0497,0.406,0.0209,0.101,0.822,98.883,4
Rock Classics,Rock legends and epic songs that continue to inspire generations.,32kgOw8wejH7zUhtXCM8DH,More Than a Feeling,1976,407646722,Boston,Boston,,,29kkCKKGXheHuoO829FxWK,0,album rock,art rock,classic rock,1661311,0,285133,0.377,0.682,7,-8.039,1,0.0299,0.000894,0.00217,0.0504,0.288,108.736,4
Rock Classics,Rock legends and epic songs that continue to inspire generations.,6cr6UDpkjEaMQ80OjWqEBQ,Sultans of Swing,1978-10-07,nan,Dire Straits,Dire Straits,,,0WwSkZ7LtFUFjGjMZBMt6T,68,album rock,blues rock,classic rock,4235346,0,350400,0.73,0.868,5,-7.325,1,0.0288,0.0632,0.0661,0.318,0.923,148.217,4
Rock Classics,Rock legends and epic songs that continue to inspire generations.,4uGIJG1jYFonGc4LGp5uQL,Somebody to Love,1967,122105496,Surrealistic Pillow,Jefferson Airplane,,,2qFr8w5sWUITRlzZ9kZotF,75,acid rock,classic rock,folk rock,1100925,0,174840,0.504,0.578,4,-9.302,1,0.031,0.408,0.0,0.321,0.654,132.411,4
Rock Classics,Rock legends and epic songs that continue to inspire generations.,5p3JunprHCxClJjOmcLV8G,Walk On the Wild Side,1972-12-01,262600311,Transformer,Lou Reed,,,42TFhl7WlMRXiNqzSrnzPL,77,art rock,classic rock,dance rock,1259790,0,254173,0.575,0.318,0,-16.729,1,0.109,0.683,0.000202,0.0934,0.385,104.522,4
Rock Classics,Rock legends and epic songs that continue to inspire generations.,6KTv0Z8BmVqM7DPxbGzpVC,Rock And Roll All Nite,1975-03-19,212846723,Dressed To Kill,KISS,,,07XSN3sPlIlB2L2XNcTwJw,77,album rock,classic rock,glam rock,5399353,0,168840,0.654,0.929,1,-5.906,1,0.0998,0.0468,0.0,0.0539,0.902,144.774,4
Rock Classics,Rock legends and epic songs that continue to inspire generations.,3QZ7uX97s82HFYSmQUAN1D,Tom Sawyer,1981-02-12,155448357,Moving Pictures (2011 Remaster),Rush,,,2Hkut4rAAyrQxRdof7FVJq,75,album rock,art rock,canadian metal,1515759,0,276880,0.536,0.901,9,-7.211,1,0.0374,0.00145,0.0186,0.06,0.666,87.559,4
Rock Classics,Rock legends and epic songs that continue to inspire generations.,2aSFLiDPreOVP6KHiWk4lF,Under Pressure - Remastered 2011,1991-10-28,822491914,Greatest Hits II,Queen,David Bowie,,1dfeR4HaWDbWqFHLkxsg1d,61,classic rock,glam rock,rock,31307394,0,236520,0.663,0.712,2,-7.268,1,0.0479,0.524,0.0,0.0804,0.527,113.439,4
Rock Classics,Rock legends and epic songs that continue to inspire generations.,51H2y6YrNNXcy3dfc3qSbA,When Doves Cry,1984-06-25,116459892,Purple Rain,Prince,,,5a2EaR3hamoenG9rDuVn8j,73,funk,funk rock,minneapolis sound,4946588,0,352906,0.729,0.989,9,-4.613,0,0.049,0.0102,4.45e-05,0.443,0.84,126.47,4
Rock Classics,Rock legends and epic songs that continue to inspire generations.,2sXp9Qmvc7mRaDBjBgcGGi,Every Breath You Take - Remastered 2003,1983-06-01,nan,Synchronicity,The Police,,,5NGO30tJxFlKixkPSgXcFE,2,album rock,art rock,classic rock,3931888,0,253887,0.813,0.46,1,-9.78,1,0.0346,0.56,0.0105,0.0724,0.729,117.387,4
Rock Classics,Rock legends and epic songs that continue to inspire generations.,5QTxFnGygVM4jFQiBovmRo,(Don't Fear) The Reaper,1976,289511673,Agents Of Fortune,Blue Öyster Cult,,,00tVTdpEhQQw1bqdu8RCx2,78,album rock,art rock,blues rock,999602,0,308120,0.333,0.927,9,-8.55,0,0.0733,0.0029,0.000208,0.297,0.385,141.466,4
Rock Classics,Rock legends and epic songs that continue to inspire generations.,54eZmuggBFJbV7k248bTTt,A Horse with No Name,1972,326103259,America,America,George Martin,,35U9lQaRWSQISxQAB94Meo,79,album rock,art rock,classic rock,1040340,0,252240,0.654,0.506,11,-17.18,0,0.0535,0.686,0.0155,0.155,0.831,123.179,4
Rock Classics,Rock legends and epic songs that continue to inspire generations.,3gdewACMIVMEWVbyb8O9sY,"Rocket Man (I Think It's Going To Be A Long, Long Time)",1972-05-19,502138123,Honky Chateau,Elton John,,,3PhoLpVuITZKcymswpck5b,83,glam rock,mellow gold,piano rock,6403139,0,281613,0.601,0.532,10,-9.119,1,0.0286,0.432,6.25e-06,0.0925,0.341,136.571,4
Rock Classics,Rock legends and epic songs that continue to inspire generations.,1JkZg3eMQTmTn93E8Yd3UL,I Want You to Want Me,1977-09,88440250,In Color,Cheap Trick,,,1LB8qB5BPb3MHQrfkvifXU,72,album rock,art rock,beatlesque,897602,0,191227,0.806,0.462,2,-12.778,1,0.0298,0.78,0.0134,0.15,0.736,92.726,4
Rock Classics,Rock legends and epic songs that continue to inspire generations.,6Vjk8MNXpQpi0F4BefdTyq,Kashmir - Remaster,1975-02-24,nan,Physical Graffiti (Deluxe Edition),Led Zeppelin,,,36QJpDe2go2KgaRleHCDTp,66,album rock,classic rock,hard rock,10076501,0,517125,0.483,0.615,2,-8.538,1,0.0497,0.452,0.000414,0.0512,0.594,80.576,3
Rock Classics,Rock legends and epic songs that continue to inspire generations.,5MxNLUsfh7uzROypsoO5qe,Dream On,1973-01-05,448090409,Aerosmith,Aerosmith,,,7Ey4PD4MYsKc5I2dolUwbH,80,album rock,classic rock,hard rock,9558104,0,266960,0.307,0.433,1,-10.057,1,0.029,0.388,9.08e-05,0.332,0.224,160.9,4
Rock Classics,Rock legends and epic songs that continue to inspire generations.,2zYzyRzz6pRmhPzyfMEC8s,Highway to Hell,1979-07-27,687833531,Highway to Hell,AC/DC,,,711MCceyCBcFnzjGY4Q7Un,85,album rock,australian rock,hard rock,17481796,0,208400,0.574,0.913,6,-4.793,0,0.133,0.061,0.00158,0.156,0.423,115.728,4
Rock Classics,Rock legends and epic songs that continue to inspire generations.,5LNiqEqpDc8TuqPy79kDBu,Edge of Seventeen - 2016 Remaster,2016-11-04,178245272,Bella Donna (Deluxe Edition),Stevie Nicks,,,7crPfGd2k81ekOoSqQKWWz,66,heartland rock,mellow gold,rock,719117,0,329413,0.591,0.804,0,-7.299,1,0.0454,0.327,5.98e-06,0.0818,0.658,111.457,4
Rock Classics,Rock legends and epic songs that continue to inspire generations.,2HXixVqzzm9rEUIMAWzshl,I Hate Myself for Loving You,1988-05-23,67607494,Up Your Alley,Joan Jett & The Blackhearts,,,1Fmb52lZ6Jv7FMWXXTPO3K,71,glam punk,rock,,451444,0,246800,0.611,0.883,9,-11.225,1,0.0539,0.0846,1.2e-06,0.192,0.604,117.928,4
Rock Classics,Rock legends and epic songs that continue to inspire generations.,1AhDOtG9vPSOmsWgNW0BEY,Bohemian Rhapsody - Remastered 2011,1975-11-21,1388577945,A Night At The Opera (2011 Remaster),Queen,,,1dfeR4HaWDbWqFHLkxsg1d,3,classic rock,glam rock,rock,31307394,0,354320,0.414,0.404,0,-9.928,0,0.0499,0.271,0.0,0.3,0.224,71.105,4
Rock Classics,Rock legends and epic songs that continue to inspire generations.,5X76oXHcR5uCXali0gOyX5,White Room,1968-07-01,165160729,Wheels Of Fire (Remastered),Cream,,,74oJ4qxwOZvX6oSsu1DGnw,0,album rock,art rock,blues rock,1536130,0,303200,0.55,0.576,0,-13.475,1,0.0306,0.178,0.00935,0.0555,0.486,109.837,4
Rock Classics,Rock legends and epic songs that continue to inspire generations.,5e6x5YRnMJIKvYpZxLqdpH,Fortunate Son,2005-12-14,553451285,The Long Road Home - The Ultimate John Fogerty / Creedence Collection,Creedence Clearwater Revival,,,3IYUhFvPQItj6xySrBmZkd,0,classic rock,country rock,rock,3989233,0,138053,0.636,0.746,0,-3.785,1,0.0393,0.0648,0.29,0.173,0.432,132.31,4
Rock Classics,Rock legends and epic songs that continue to inspire generations.,3k9i7UzeSUYWIfUZFeFDUd,Layla - 40th Anniversary Version / 2010 Remastered,1970-11-01,nan,Layla And Other Assorted Love Songs (40th Anniversary / 2010 Remastered),Derek & The Dominos,,,2rc78XDH9zuJP6bm78lU8Z,0,album rock,art rock,blues,436602,0,423840,0.404,0.903,1,-3.88,1,0.0668,0.577,0.297,0.287,0.498,115.672,4
Rock Classics,Rock legends and epic songs that continue to inspire generations.,1fDsrQ23eTAVFElUMaf38X,American Pie,1971,340316469,American Pie,Don McLean,,,1gRNBaI4yn6wCCTvRhGWh8,77,adult standards,classic rock,folk,568176,0,516893,0.531,0.481,4,-11.709,0,0.06,0.699,0.0,0.0842,0.491,138.45,4
Rock Classics,Rock legends and epic songs that continue to inspire generations.,1lqMLr9Wj7SM2F9AikGcxN,Hurricane,1976-01-16,125575648,Desire,Bob Dylan,,,74ASZWbe4lXaubB36ztrGX,73,album rock,classic rock,country rock,4762366,0,512733,0.509,0.827,0,-7.715,1,0.079,0.0409,0.0,0.12,0.743,135.601,4
Rock Classics,Rock legends and epic songs that continue to inspire generations.,1Ly0ssAgeM7YqdHptao8Oe,Paranoid,2014-03-28,398499005,Greatest Hits,Black Sabbath,,,5M52tdBnJaKSvOpJGz8mfZ,0,album rock,birmingham metal,classic rock,5026911,0,168440,0.426,0.619,4,-11.501,0,0.0722,8.44e-05,0.00239,0.17,0.382,162.721,4
Rock Classics,Rock legends and epic songs that continue to inspire generations.,5SAUIWdZ04OxYfJFDchC7S,Smoke on the Water,1972-03-25,nan,Machine Head,Deep Purple,,,568ZhdwyaiCyOGJRtNYhWf,66,album rock,blues rock,classic rock,3618543,0,342173,0.632,0.586,0,-11.333,1,0.0284,0.0983,0.581,0.0535,0.89,114.243,4
Rock Classics,Rock legends and epic songs that continue to inspire generations.,6FsQrRpBLgsrFeAeiQqytm,Bang a Gong (Get It On) - Remastered Version,1971-09-24,nan,Electric Warrior [Expanded & Remastered],T. Rex,,,3dBVyJ7JuOMt4GE9607Qin,64,album rock,art rock,classic rock,645091,0,267000,0.729,0.818,2,-9.992,1,0.0732,0.157,0.285,0.195,0.907,125.811,4
Rock Classics,Rock legends and epic songs that continue to inspire generations.,1HOMkjp0nHMaTnfAkslCQj,My Sharona,1979-01-01,177297037,Get The Knack,The Knack,,,0Nn9YwJzcaeuU1jJL06e3r,75,album rock,classic rock,power pop,139601,0,295400,0.586,0.7,0,-9.558,1,0.0363,0.0589,0.00125,0.0318,0.897,147.245,4
Rock Classics,Rock legends and epic songs that continue to inspire generations.,5qBqBdfTEIWJwAS0Jm2F5R,Turn! Turn! Turn! (To Everything There Is a Season),1965-12-06,82214779,Turn! Turn! Turn!,The Byrds,,,1PCZpxHJz7WAMF8EEq8bfc,68,art rock,beatlesque,blues rock,665384,0,229360,0.452,0.818,2,-8.124,1,0.0439,0.135,2.72e-05,0.052,0.755,124.474,4
Rock Classics,Rock legends and epic songs that continue to inspire generations.,7LbfuQVct78YoghmoPtsQ8,Casey Jones - 2013 Remaster,1970,54221517,Workingman's Dead,Grateful Dead,,,4TMHGUX5WI7OOm53PqSDAT,66,classic rock,cosmic american,country rock,1133988,0,265067,0.671,0.405,0,-10.052,1,0.0392,0.385,0.0,0.132,0.828,99.678,4
Rock Classics,Rock legends and epic songs that continue to inspire generations.,78lgmZwycJ3nzsdgmPPGNx,Immigrant Song - Remaster,1970,349921696,Led Zeppelin III (Remaster),Led Zeppelin,,,36QJpDe2go2KgaRleHCDTp,78,album rock,classic rock,hard rock,10076501,0,146250,0.564,0.932,11,-10.068,1,0.0554,0.013,0.169,0.349,0.619,112.937,4
Rock Classics,Rock legends and epic songs that continue to inspire generations.,2d4e45fmUnguxh6yqC7gNT,Dirty Deeds Done Dirt Cheap,1976-09-20,162500046,Dirty Deeds Done Dirt Cheap,AC/DC,,,711MCceyCBcFnzjGY4Q7Un,75,album rock,australian rock,hard rock,17481796,0,231933,0.668,0.906,11,-4.881,0,0.17,0.214,0.00245,0.135,0.507,135.653,4
Rock Classics,Rock legends and epic songs that continue to inspire generations.,7N3PAbqfTjSEU1edb2tY8j,Jump - 2015 Remaster,1984-01-04,419151320,1984 (Remastered),Van Halen,,,2cnMpRsOVqtPMfq7YiFE6K,81,album rock,classic rock,hard rock,3695963,0,241600,0.572,0.835,0,-6.219,1,0.0317,0.171,0.000376,0.0702,0.796,129.994,4
Rock Classics,Rock legends and epic songs that continue to inspire generations.,7GonnnalI2s19OCQO1J7Tf,Kickstart My Heart,1989,250735147,Dr. Feelgood,Mötley Crüe,,,0cc6vw3VN8YlIcvr1v7tBL,78,glam metal,hard rock,metal,2999583,0,282653,0.359,0.981,7,-3.622,0,0.303,0.00125,0.00236,0.284,0.271,178.98,4
Rock Classics,Rock legends and epic songs that continue to inspire generations.,4bHsxqR3GMrXTxEPLuK5ue,Don't Stop Believin',1981,973099569,Escape,Journey,,,0rvjqX7ttXeg3mTy8Xscbt,83,album rock,classic rock,hard rock,3329837,0,250987,0.5,0.748,4,-9.072,1,0.0363,0.127,0.0,0.447,0.514,118.852,4
Rock Classics,Rock legends and epic songs that continue to inspire generations.,0dOg1ySSI7NkpAe89Zo0b9,Born in the U.S.A.,1984-06-04,235114853,Born In The U.S.A.,Bruce Springsteen,,,3eqjTLE0HfPfh78zjh6TqT,77,classic rock,heartland rock,mellow gold,3712388,0,278680,0.398,0.952,4,-6.042,1,0.061,0.000373,7.75e-05,0.1,0.584,122.093,4
Rock Classics,Rock legends and epic songs that continue to inspire generations.,1xShPgQbOUa98avWJQFDBY,Personal Jesus - Original Single Version,1989,nan,Personal Jesus,Depeche Mode,Francois Kevorkian,,762310PdDnwsDxAQxzQkfX,64,dance rock,new romantic,new wave,3589601,0,224907,0.637,0.682,11,-11.625,1,0.0366,0.0112,0.0234,0.0473,0.714,129.983,4
Rock Classics,Rock legends and epic songs that continue to inspire generations.,5jzma6gCzYtKB1DbEwFZKH,London Calling - Remastered,1979,177599570,London Calling (Remastered),The Clash,,,3RGLhK1IP9jnYFH4BRFJBS,75,classic rock,dance rock,permanent wave,2015669,0,200480,0.651,0.801,0,-7.34,1,0.0513,0.123,0.0,0.0825,0.776,133.763,4
Rock Classics,Rock legends and epic songs that continue to inspire generations.,4DMKwE2E2iYDKY01C335Uw,Carry on Wayward Son,1976,329150924,Leftoverture (Expanded Edition),Kansas,,,2hl0xAkS2AIRAu23TVMBG1,77,album rock,art rock,bow pop,983072,0,323000,0.482,0.786,7,-5.735,1,0.032,0.00321,8.88e-05,0.446,0.793,126.755,4
Rock Classics,Rock legends and epic songs that continue to inspire generations.,2LawezPeJhN4AWuSB0GtAU,Have You Ever Seen The Rain,1970-12-07,578027927,Pendulum (40th Anniversary Edition),Creedence Clearwater Revival,,,3IYUhFvPQItj6xySrBmZkd,81,classic rock,country rock,rock,3989233,0,160133,0.741,0.697,0,-7.028,1,0.0277,0.0664,2.28e-05,0.133,0.774,116.109,4
Rock Classics,Rock legends and epic songs that continue to inspire generations.,5Ly2g3fnof2iFE8zsQZJX2,Back In The U.S.S.R. - 2018 Mix,2018-09-24,nan,Back In The U.S.S.R.,The Beatles,,,3WrFJ7ztbogyGnTHbHJFl2,0,beatlesque,british invasion,classic rock,18332446,0,163467,0.51,0.893,9,-9.267,1,0.0342,0.00102,5.85e-05,0.201,0.934,142.657,4
Rock Classics,Rock legends and epic songs that continue to inspire generations.,1oG2vWELiGjIqxwqGcyqwF,You Really Got Me,1964-10-02,166927731,Kinks (Super Deluxe Edition),The Kinks,,,1SQRv42e4PjEYfPhS0Tk9E,0,album rock,art rock,british invasion,1744906,0,133933,0.567,0.959,8,-3.822,1,0.102,0.0995,6.07e-05,0.1,0.961,137.377,4
Rock Classics,Rock legends and epic songs that continue to inspire generations.,4cMHCRLPNoEbpnl2rz6GS9,Back on the Chain Gang - 2007 Remaster,1984,42072303,Learning to Crawl (Expanded & Remastered),Pretenders,,,0GByy3DcfbQwDvXGCWmzv9,67,album rock,art rock,classic rock,911880,0,231120,0.598,0.901,2,-6.081,1,0.0359,0.116,0.0401,0.178,0.814,153.24,4
Rock Classics,Rock legends and epic songs that continue to inspire generations.,6XUHsYE38CEbYunT983O9G,Give A Little Bit,1977-01-01,179344332,Even In The Quietest Moments,Supertramp,,,3JsMj0DEzyWc0VDlHuy9Bx,78,album rock,art rock,classic rock,2035443,0,248173,0.531,0.818,2,-5.358,1,0.0452,0.0694,0.0096,0.263,0.471,90.767,4
Rock Classics,Rock legends and epic songs that continue to inspire generations.,14XWXWv5FoCbFzLksawpEe,Riders on the Storm,1971-04-19,216439609,L.A. Woman,The Doors,,,22WZ7M8sxp5THdruNY3gXt,76,acid rock,classic rock,psychedelic rock,5539797,0,434720,0.549,0.722,11,-11.729,0,0.0283,0.25,0.0138,0.11,0.716,103.885,4
Rock Classics,Rock legends and epic songs that continue to inspire generations.,7o2CTH4ctstm8TNelqjb51,Sweet Child O' Mine,1987-07-21,872442548,Appetite For Destruction,Guns N' Roses,,,3qm84nBOXUEQ2vnTfUTTFC,84,glam metal,hard rock,rock,19083943,0,354520,0.454,0.91,6,-7.766,1,0.0448,0.0866,0.0996,0.116,0.629,125.116,4
Rock Classics,Rock legends and epic songs that continue to inspire generations.,5tVA6TkbaAH9QMITTQRrNv,Free Fallin',1989-01-01,338276509,Full Moon Fever,Tom Petty,,,2UZMlIwnkgAEDBsw1Rejkn,80,album rock,classic rock,country rock,1499940,0,256000,0.623,0.449,5,-13.333,1,0.0253,0.212,0.0,0.0613,0.572,84.383,4
Rock Classics,Rock legends and epic songs that continue to inspire generations.,2b9lp5A6CqSzwOrBfAFhof,Crazy Train,1980-09-20,312670720,Blizzard of Ozz (Expanded Edition),Ozzy Osbourne,,,6ZLTlhejhndI4Rh53vYhrY,42,album rock,birmingham metal,hard rock,3319860,0,296200,0.453,0.905,9,-4.001,1,0.115,0.36,0.000569,0.26,0.474,137.571,4
Rock Classics,Rock legends and epic songs that continue to inspire generations.,2PzU4IB8Dr6mxV3lHuaG34,(I Can't Get No) Satisfaction - Mono Version,1965-07-30,362643419,Out Of Our Heads,The Rolling Stones,,,22bE4uQ6baNwSHPVcDxLCe,79,album rock,british invasion,classic rock,9625324,0,222813,0.723,0.863,2,-7.89,1,0.0338,0.0383,0.0317,0.128,0.931,136.302,4
Rock Classics,Rock legends and epic songs that continue to inspire generations.,4KfSdst7rW39C0sfhArdrz,Barracuda,1977-05-14,215717336,Little Queen,Heart,,,34jw2BbxjoYalTp8cJFCPv,76,album rock,classic rock,hard rock,1495678,0,261933,0.547,0.691,4,-13.553,0,0.0369,0.015,0.105,0.144,0.667,137.148,4
Rock Classics,Rock legends and epic songs that continue to inspire generations.,6zeE5tKyr8Nu882DQhhSQI,Dust in the Wind,1977,329762422,Point Of Know Return (Expanded Edition),Kansas,,,2hl0xAkS2AIRAu23TVMBG1,79,album rock,art rock,bow pop,983072,0,206267,0.475,0.322,7,-10.687,1,0.0283,0.367,0.00056,0.11,0.387,93.503,4
Rock Classics,Rock legends and epic songs that continue to inspire generations.,2vX5WL7s6UdeQyweZEx7PP,Walk This Way,1980-11-11,256497367,Aerosmith's Greatest Hits,Aerosmith,,,7Ey4PD4MYsKc5I2dolUwbH,3,album rock,classic rock,hard rock,9558104,0,211027,0.629,0.785,5,-10.761,1,0.0471,0.0249,9.45e-06,0.0522,0.869,108.531,4
Rock Classics,Rock legends and epic songs that continue to inspire generations.,3KPwt1LBpt1jVSHz8GXERo,Feel like Makin' Love - 2015 Remaster,1975,100553954,Straight Shooter,Bad Company,,,5AEG63ajney2BoDXi0Vb84,70,album rock,blues rock,classic rock,681056,0,313840,0.543,0.529,7,-9.717,1,0.0301,0.326,0.00269,0.709,0.746,85.126,4
Rock Classics,Rock legends and epic songs that continue to inspire generations.,2f0P7iELCvAlV8j6Z3rGDE,Stranglehold,1975,110623897,Ted Nugent,Ted Nugent,,,21ysNsPzHdqYN2fQ75ZswG,70,acid rock,album rock,blues rock,738256,0,503067,0.484,0.711,2,-7.784,1,0.0331,0.0183,0.173,0.0941,0.49,148.189,4
Rock Classics,Rock legends and epic songs that continue to inspire generations.,7LRMbd3LEoV5wZJvXT1Lwb,T.N.T.,1976-05-14,321841690,High Voltage,AC/DC,,,711MCceyCBcFnzjGY4Q7Un,80,album rock,australian rock,hard rock,17481796,0,214667,0.754,0.759,9,-5.218,1,0.302,0.153,0.000108,0.101,0.435,126.366,4
Rock Classics,Rock legends and epic songs that continue to inspire generations.,0J6mQxEZnlRt9ymzFntA6z,Livin' On A Prayer,1986-01-01,676661295,Slippery When Wet,Bon Jovi,,,58lV9VcRSjABbAbfWS6skp,3,glam metal,rock,,8763568,0,249293,0.534,0.887,0,-3.777,1,0.0345,0.0768,9.93e-05,0.325,0.72,122.494,4
Rock Classics,Rock legends and epic songs that continue to inspire generations.,5UwbnHhjnbinJH8TefuQfN,Long Cool Woman (In a Black Dress) - 1999 Remaster,1971-10-08,157429617,Distant Light (1999 Remaster),The Hollies,,,6waa8mKu91GjzD4NlONlNJ,65,adult standards,album rock,art rock,752457,0,199200,0.757,0.868,9,-9.326,1,0.062,0.411,0.00221,0.355,0.815,138.923,4
Rock Classics,Rock legends and epic songs that continue to inspire generations.,6gXrEUzibufX9xYPk3HD5p,Life in the Fast Lane - 2013 Remaster,1976-12-08,164734174,Hotel California (2013 Remaster),Eagles,,,0ECwFtbIWEVNwjlrfc6xoL,74,album rock,classic rock,country rock,5934521,0,286220,0.667,0.755,9,-7.246,1,0.069,0.0966,6.94e-05,0.0523,0.883,109.535,4
Rock Classics,Rock legends and epic songs that continue to inspire generations.,1dv3ePjze9tPq2pk8eWJdR,Gimme Shelter,1969-12-05,315826009,Let It Bleed,The Rolling Stones,,,22bE4uQ6baNwSHPVcDxLCe,0,album rock,british invasion,classic rock,9625324,0,270773,0.63,0.616,1,-8.128,0,0.0309,0.463,0.0408,0.173,0.509,118.65,4
Rock Classics,Rock legends and epic songs that continue to inspire generations.,7IhkWF9zpiYKlU7CxHxYT9,All Right Now,2008-01-01,127650303,Fire And Water (Deluxe Edition),Free,,,2e53aHBQdCMKWqHDuyJsjC,0,album rock,art rock,blues rock,320142,0,332907,0.766,0.446,2,-13.079,1,0.0867,0.25,0.000704,0.318,0.743,119.774,4
Rock Classics,Rock legends and epic songs that continue to inspire generations.,4JNi40t7xR5bO3PWxRkiPN,Free Bird,1973,288541674,(Pronounced 'Leh-'Nérd 'Skin-'Nérd) [Expanded Edition],Lynyrd Skynyrd,,,4MVyzYMgTwdP7Z49wAZHx0,0,album rock,blues rock,classic rock,3170027,0,558933,0.279,0.852,7,-7.838,1,0.0511,0.0119,0.076,0.0624,0.438,117.418,4
Rock Classics,Rock legends and epic songs that continue to inspire generations.,2SiXAy7TuUkycRVbbWDEpo,You Shook Me All Night Long,1980-07-25,486130328,Back In Black,AC/DC,,,711MCceyCBcFnzjGY4Q7Un,82,album rock,australian rock,hard rock,17481796,0,210173,0.532,0.767,7,-5.509,1,0.0574,0.00287,0.000513,0.39,0.755,127.361,4
Rock Classics,Rock legends and epic songs that continue to inspire generations.,3aoDEt6zSuYQ47gzarlaVo,Money - 2011 Remastered Version,1973-03-16,267771986,The Dark Side Of The Moon (2011 Remastered Version),Pink Floyd,,,0k17h0D3J5VfsdmQ1iZtE9,0,album rock,art rock,classic rock,13674593,0,382834,0.469,0.537,9,-10.421,1,0.152,0.0241,0.00201,0.269,0.783,124.193,1
Rock Classics,Rock legends and epic songs that continue to inspire generations.,0eFvoRSTTaR2q8bSWVjwfp,Welcome To The Jungle,2004-01-01,563217047,Greatest Hits,Guns N' Roses,,,3qm84nBOXUEQ2vnTfUTTFC,0,glam metal,hard rock,rock,19083943,0,271867,0.456,0.978,10,-4.869,0,0.112,0.0301,0.499,0.313,0.327,123.411,4
Rock Classics,Rock legends and epic songs that continue to inspire generations.,0F0MA0ns8oXwGw66B2BSXm,Let's Dance - 1999 Remaster,1983-04-14,nan,Let's Dance (1999 Remaster),David Bowie,,,0oSGxfWSnnOXhD2fKuz2Gy,3,album rock,art rock,classic rock,6370799,0,457133,0.619,0.703,10,-9.414,0,0.0525,0.00388,0.205,0.163,0.709,115.043,4
Rock Classics,Rock legends and epic songs that continue to inspire generations.,5y4761pjcksXs1hNsCmc4n,Sunshine Of Your Love,1967-11-02,217512006,Disraeli Gears (Deluxe Edition),Cream,,,74oJ4qxwOZvX6oSsu1DGnw,0,album rock,art rock,blues rock,1536130,0,250400,0.691,0.592,2,-8.089,1,0.0366,0.389,3.29e-05,0.124,0.736,115.152,4
Rock Classics,Rock legends and epic songs that continue to inspire generations.,54flyrjcdnQdco7300avMJ,We Will Rock You - Remastered,1977-10-28,646507625,News Of The World (Deluxe Remastered Version),Queen,,,1dfeR4HaWDbWqFHLkxsg1d,71,classic rock,glam rock,rock,31307394,0,122067,0.693,0.497,2,-7.316,1,0.119,0.679,0.0,0.258,0.473,81.308,4
Rock Classics,Rock legends and epic songs that continue to inspire generations.,1zGk1kgAxCpg6PHjGuLe4J,Pinball Wizard,1969-05-23,115592825,Tommy (Remastered 2013 Super Deluxe Edition),The Who,,,67ea9eGLXYMsO2eYQRui3w,0,album rock,art rock,blues rock,3736490,0,180943,0.543,0.715,2,-8.89,1,0.0356,0.0192,0.0,0.256,0.468,124.011,4
Rock Classics,Rock legends and epic songs that continue to inspire generations.,0832Tptls5YicHPGgw7ssP,Beast Of Burden - Remastered,1978-06-09,209416979,Some Girls,The Rolling Stones,,,22bE4uQ6baNwSHPVcDxLCe,0,album rock,british invasion,classic rock,9625324,0,265173,0.786,0.87,1,-3.875,0,0.0316,0.413,0.000494,0.0389,0.864,100.66,4
Rock Classics,Rock legends and epic songs that continue to inspire generations.,38Ngied9rBORlAbLYNCl4k,Once in a Lifetime - 2005 Remaster,1980-10-08,105741021,Remain in Light (Deluxe Version),Talking Heads,,,2x9SpqnPi8rlE9pjHBwmSC,72,art punk,art rock,dance rock,1464147,0,259907,0.644,0.919,2,-6.289,1,0.0561,0.181,0.134,0.622,0.871,117.459,4
Rock Classics,Rock legends and epic songs that continue to inspire generations.,3sY6z4pGcxpMwx3W026WtU,Peace of Mind,1976,108438535,Boston,Boston,,,29kkCKKGXheHuoO829FxWK,0,album rock,art rock,classic rock,1661311,0,303587,0.421,0.677,4,-6.183,1,0.0343,0.000989,9.65e-05,0.211,0.683,127.67,4
Rock Classics,Rock legends and epic songs that continue to inspire generations.,3IOQZRcEkplCXg6LofKqE9,Iron Man - 2012 - Remaster,1970-09-18,nan,Paranoid (Remaster),Black Sabbath,,,5M52tdBnJaKSvOpJGz8mfZ,67,album rock,birmingham metal,classic rock,5026911,0,355304,0.336,0.792,9,-10.875,1,0.084,0.00351,0.00175,0.0437,0.427,155.587,4
Rock Classics,Rock legends and epic songs that continue to inspire generations.,7Ar4G7Ci11gpt6sfH9Cgz5,Listen to the Music,1972,250270470,Toulouse Street,The Doobie Brothers,,,39T6qqI0jDtSWWioX8eGJz,77,album rock,art rock,blues rock,1431344,0,227267,0.645,0.598,1,-13.18,0,0.0335,0.221,3.53e-06,0.0721,0.913,105.929,4
Rock Classics,Rock legends and epic songs that continue to inspire generations.,52dm9op3rbfAkc1LGXgipW,Wild Horses - 2009 Mix,1971-04-23,138330144,Sticky Fingers (Remastered),The Rolling Stones,,,22bE4uQ6baNwSHPVcDxLCe,74,album rock,british invasion,classic rock,9625324,0,341773,0.432,0.389,7,-6.517,1,0.0255,0.687,0.0107,0.0788,0.158,139.506,4
Rock Classics,Rock legends and epic songs that continue to inspire generations.,5eYwDBLucWfWI5KsV7oYX2,Mary Jane's Last Dance,2000-01-01,150335044,Anthology: Through The Years,Tom Petty and the Heartbreakers,,,4tX2TplrkIP4v05BNC903e,0,album rock,classic rock,country rock,1647894,0,272267,0.402,0.814,10,-4.954,1,0.14,0.0383,1.19e-06,0.266,0.516,170.02,4
Rock Classics,Rock legends and epic songs that continue to inspire generations.,5BIMPccDwShpXq784RJlJp,Enter Sandman,1991-08-12,601304418,Metallica,Metallica,,,2ye2Wgw4gimLv2eAKyk1NB,76,hard rock,metal,old school thrash,16357199,0,331573,0.579,0.824,6,-8.71,0,0.03,0.00206,0.00903,0.059,0.635,123.331,4
Rock Classics,Rock legends and epic songs that continue to inspire generations.,1lhpxZT57yw5toGJtt8fGE,Old Time Rock & Roll,1978-05-05,119767127,Stranger In Town,Bob Seger,,,485uL27bPomh29R4JmQehQ,0,album rock,blues rock,classic rock,1177694,0,194147,0.713,0.931,6,-2.965,1,0.0394,0.219,0.0,0.0694,0.963,124.127,4
Rock Classics,Rock legends and epic songs that continue to inspire generations.,5EcvzboYmDIfXo9gPplsSB,Brown Sugar,1971-04-23,141290184,Sticky Fingers (Deluxe),The Rolling Stones,,,22bE4uQ6baNwSHPVcDxLCe,0,album rock,british invasion,classic rock,9625324,0,228667,0.638,0.931,0,-3.605,1,0.0363,0.228,0.000295,0.0524,0.965,128.662,4
Rock Classics,Rock legends and epic songs that continue to inspire generations.,4YMLW13PuuO7o3jkIWlKAs,Down On The Corner,1969-11-02,198020262,Willy And The Poor Boys (40th Anniversary Edition),Creedence Clearwater Revival,,,3IYUhFvPQItj6xySrBmZkd,0,classic rock,country rock,rock,3989233,0,166280,0.831,0.544,0,-9.288,1,0.0837,0.594,0.00389,0.0736,0.856,108.177,4
Rock Classics,Rock legends and epic songs that continue to inspire generations.,0NWPxcsf5vdjdiFUI8NgkP,Hey Joe,1967-05-12,168604155,Are You Experienced,Jimi Hendrix,,,776Uo845nYHJpNaStv1Ds4,73,acid rock,album rock,blues rock,4646142,0,210160,0.346,0.768,9,-5.695,1,0.0377,0.00603,0.38,0.0244,0.532,169.492,4
Rock Classics,Rock legends and epic songs that continue to inspire generations.,0N0q5D8KmH13mmODXJsJqS,Can't You See,1973,110949480,The Marshall Tucker Band,The Marshall Tucker Band,,,59QxeZBL6k9L4oJBGSyukd,0,album rock,blues rock,classic rock,578182,0,361227,0.407,0.706,7,-5.526,1,0.0348,0.254,0.00693,0.125,0.54,164.022,4
Rock Classics,Rock legends and epic songs that continue to inspire generations.,0FeCO85RKW8fDRytwXof2x,Go Your Own Way,1977-02-04,473416896,Rumours,Fleetwood Mac,,,08GQAI4eElDnROBrJRGE0X,0,album rock,classic rock,mellow gold,5832636,0,218400,0.597,0.812,5,-12.062,1,0.0315,0.0219,0.00106,0.102,0.823,135.68,4
Rock Classics,Rock legends and epic songs that continue to inspire generations.,0vSiz90JRxvYsbCTx84oVM,Gimme Three Steps,1973,98205902,(Pronounced 'Leh-'Nérd 'Skin-'Nérd) [Expanded Edition],Lynyrd Skynyrd,,,4MVyzYMgTwdP7Z49wAZHx0,0,album rock,blues rock,classic rock,3170027,0,270293,0.644,0.823,9,-8.092,1,0.0578,0.296,0.00115,0.126,0.917,133.39,4
Rock Classics,Rock legends and epic songs that continue to inspire generations.,4Zau4QvgyxWiWQ5KQrwL43,Radar Love,2008-10-22,82074723,The Long Versions - Part One,Golden Earring,,,1iTlOqIrZy8DlvCPJY2sjS,65,album rock,classic rock,dutch pop,150185,0,386707,0.504,0.719,1,-9.155,0,0.0431,0.00878,0.00149,0.075,0.177,102.144,4
Rock Classics,Rock legends and epic songs that continue to inspire generations.,7iLGljK0LNpGamQQEOuCRC,Won't Get Fooled Again - Original Album Version,1971-08-14,102875084,Who's Next (Deluxe Edition),The Who,,,67ea9eGLXYMsO2eYQRui3w,0,album rock,art rock,blues rock,3736490,0,511400,0.686,0.92,2,-6.231,1,0.0566,0.301,0.27,0.0807,0.225,135.027,4
Rock Classics,Rock legends and epic songs that continue to inspire generations.,7cy1bEJV6FCtDaYpsk8aG6,China Grove,1973,83205285,The Captain and Me,The Doobie Brothers,,,39T6qqI0jDtSWWioX8eGJz,68,album rock,art rock,blues rock,1431344,0,195307,0.623,0.91,9,-8.448,1,0.0384,0.319,0.000448,0.081,0.745,145.624,4
Rock Classics,Rock legends and epic songs that continue to inspire generations.,4ItljeeAXtHsnsnnQojaO2,D'yer Mak'er - Remaster,1973-03-28,nan,Houses of the Holy (Deluxe Edition),Led Zeppelin,,,36QJpDe2go2KgaRleHCDTp,65,album rock,classic rock,hard rock,10076501,0,262748,0.525,0.929,9,-8.56,0,0.0784,0.262,2.9e-05,0.0754,0.556,163.503,4
Rock Classics,Rock legends and epic songs that continue to inspire generations.,3CPeWqqaHR0hmyfsWhMJQs,Don't Stop - 2004 Remaster,1977-02-04,nan,Rumours (Super Deluxe),Fleetwood Mac,,,08GQAI4eElDnROBrJRGE0X,69,album rock,classic rock,mellow gold,5832636,0,193347,0.672,0.72,9,-7.781,1,0.035,0.0373,9.38e-06,0.0371,0.828,118.731,4
Rock Classics,Rock legends and epic songs that continue to inspire generations.,4pbG9SUmWIvsROVLF0zF9s,I Want To Hold Your Hand - Remastered 2015,2000-11-13,219393313,1 (Remastered),The Beatles,,,3WrFJ7ztbogyGnTHbHJFl2,74,beatlesque,british invasion,classic rock,18332446,0,145747,0.49,0.715,7,-5.549,1,0.0476,0.386,0.0,0.311,0.866,130.726,4
Rock Classics,Rock legends and epic songs that continue to inspire generations.,0wJoRiX5K5BxlqZTolB2LD,Purple Haze,1967-05-12,196539293,Are You Experienced,Jimi Hendrix,,,776Uo845nYHJpNaStv1Ds4,74,acid rock,album rock,blues rock,4646142,0,170813,0.533,0.905,2,-5.27,1,0.0754,0.00876,0.578,0.0698,0.486,108.9,4
Rock Classics,Rock legends and epic songs that continue to inspire generations.,41aOyMZXFwvwRpugIlNCGF,Ramblin' Man,1973-09,135991463,Brothers And Sisters (Deluxe Edition),Allman Brothers Band,,,4wQ3PyMz3WwJGI5uEqHUVR,0,album rock,blues rock,classic rock,1033912,0,288160,0.311,0.832,1,-8.29,1,0.0357,0.486,0.00128,0.235,0.933,178.873,4
Rock Classics,Rock legends and epic songs that continue to inspire generations.,1gzIbdFnGJ226LTl0Cn2SX,White Wedding - Pt. 1,1982-01-01,119732416,Billy Idol,Billy Idol,,,7lzordPuZEXxwt9aoVZYmG,72,album rock,classic rock,dance rock,1096868,0,252200,0.673,0.814,9,-5.411,1,0.0367,0.0133,0.00293,0.343,0.728,147.193,4
Rock Classics,Rock legends and epic songs that continue to inspire generations.,3YRCqOhFifThpSRFJ1VWFM,November Rain,1991-09-17,461832396,Use Your Illusion I,Guns N' Roses,,,3qm84nBOXUEQ2vnTfUTTFC,82,glam metal,hard rock,rock,19083943,0,536067,0.294,0.641,11,-9.316,1,0.0291,0.0163,0.22,0.112,0.226,79.759,4
Rock Classics,Rock legends and epic songs that continue to inspire generations.,4vO9dmzNRqDhFY3jD1a3P7,Mississippi Queen,1970,109599336,Climbing!,Mountain,,,7LCp4MN0SOIVWlssid9KyE,70,album rock,blues rock,classic rock,188754,0,151293,0.581,0.624,9,-8.346,1,0.0777,0.0987,0.0,0.0411,0.637,139.714,4
Rock Classics,Rock legends and epic songs that continue to inspire generations.,2wvMC5EyaaYQwBfiwwY2xE,Life's Been Good,1978-06-01,100603176,"But Seriously, Folks...",Joe Walsh,,,5bDxAyJiTYBat1YnFJhvEK,70,album rock,blues rock,classic rock,749651,0,536227,0.505,0.476,2,-12.897,1,0.0711,0.25,0.00915,0.113,0.542,99.31,4
Rock Classics,Rock legends and epic songs that continue to inspire generations.,6Qg7cgN1oZ5mG5nZe9UG0X,Behind Blue Eyes - Original Album Version,2009-12-21,nan,Greatest Hits,The Who,,,67ea9eGLXYMsO2eYQRui3w,0,album rock,art rock,blues rock,3736490,0,223333,0.399,0.518,7,-10.637,1,0.0318,0.229,0.00122,0.262,0.285,127.084,4
Rock Classics,Rock legends and epic songs that continue to inspire generations.,3x2bXiU0o4WbsPkawXlfDA,Who Are You,1978-08-18,123244044,Who Are You (Remastered),The Who,,,67ea9eGLXYMsO2eYQRui3w,0,album rock,art rock,blues rock,3736490,0,378707,0.651,0.661,9,-11.405,1,0.0511,0.265,0.00313,0.106,0.489,156.371,4
Rock Classics,Rock legends and epic songs that continue to inspire generations.,3UDmHZcBTQp8Iu8droNtUl,Revolution - Remastered 2009,1973-04-02,nan,The Beatles 1967 - 1970 (Remastered),The Beatles,,,3WrFJ7ztbogyGnTHbHJFl2,68,beatlesque,british invasion,classic rock,18332446,0,205293,0.407,0.834,6,-9.224,1,0.208,0.0734,0.00021,0.241,0.71,121.38,4
Rock Classics,Rock legends and epic songs that continue to inspire generations.,0QwZfbw26QeUoIy82Z2jYp,Good Times Bad Times - 1993 Remaster,1969-01-12,173682899,Led Zeppelin,Led Zeppelin,,,36QJpDe2go2KgaRleHCDTp,71,album rock,classic rock,hard rock,10076501,0,166267,0.476,0.717,9,-9.192,1,0.0949,0.0382,7.61e-05,0.0818,0.753,93.584,4
Rock Classics,Rock legends and epic songs that continue to inspire generations.,3gLlcZQMvpwgtV9THHXrGp,Runnin' With The Devil,1978-02-07,nan,Van Halen (Reissue),Van Halen,,,2cnMpRsOVqtPMfq7YiFE6K,0,album rock,classic rock,hard rock,3695963,0,216733,0.432,0.88,1,-5.769,0,0.0656,0.0206,0.000191,0.185,0.527,95.59,4
Rock Classics,Rock legends and epic songs that continue to inspire generations.,6qnhXRedMi71TBYRc9jm4o,Magic Carpet Ride,1991-01-01,134148152,Born To Be Wild: A Retrospective,Steppenwolf,,,1WRM9i067hd2ujxxi8FI3m,0,acid rock,album rock,blues rock,1007932,0,260240,0.616,0.777,4,-12.179,0,0.0549,0.0215,0.075,0.0512,0.786,111.732,4
Rock Classics,Rock legends and epic songs that continue to inspire generations.,3MFFDRC4wTN9JNGtzXsZlN,Love Her Madly,1971-04-19,89849331,L.A. Woman,The Doors,,,22WZ7M8sxp5THdruNY3gXt,68,acid rock,classic rock,psychedelic rock,5539797,0,198467,0.564,0.587,4,-7.393,0,0.0316,0.0573,0.00485,0.0416,0.966,147.462,4
Rock Classics,Rock legends and epic songs that continue to inspire generations.,3qT4bUD1MaWpGrTwcvguhb,Black Dog - Remaster,1971-11-08,184705198,Led Zeppelin IV (Deluxe Edition),Led Zeppelin,,,36QJpDe2go2KgaRleHCDTp,74,album rock,classic rock,hard rock,10076501,0,295387,0.437,0.864,4,-7.842,0,0.0904,0.396,0.0314,0.242,0.749,81.394,4
Rock Classics,Rock legends and epic songs that continue to inspire generations.,4gvea7UlDkAvsJBPZAd4oB,The Boys Of Summer,1984-01-01,245729559,Building The Perfect Beast,Don Henley,,,5dbuFbrHa1SJlQhQX9OUJ2,79,album rock,art rock,classic rock,922310,0,288733,0.516,0.549,6,-13.741,1,0.0373,0.501,0.00572,0.184,0.907,176.941,4
Rock Classics,Rock legends and epic songs that continue to inspire generations.,6NxsCnLeLd8Ai1TrgGxzIx,Bad Moon Rising,1969-08-03,343880522,Green River (40th Anniversary Edition),Creedence Clearwater Revival,,,3IYUhFvPQItj6xySrBmZkd,0,classic rock,country rock,rock,3989233,0,141600,0.647,0.762,2,-5.856,1,0.0287,0.0599,3.35e-06,0.0705,0.93,89.837,4
Rock Classics,Rock legends and epic songs that continue to inspire generations.,3PGAgwFWnFCisvjb3rLyuh,Piece Of My Heart,2007-07-17,nan,Introducing the Dwights,Janis Joplin,,,4NgfOZCL9Ml67xzM0xzIvC,56,blues rock,classic rock,psychedelic rock,2367032,0,253805,0.482,0.883,4,-3.348,1,0.0754,0.0891,0.00422,0.266,0.594,80.687,4
Rock Classics,Rock legends and epic songs that continue to inspire generations.,3okPiJwW5nCLpug12sCL4p,All Day and All of the Night,1964-10-02,121950520,Kinks (Deluxe Edition),The Kinks,,,1SQRv42e4PjEYfPhS0Tk9E,0,album rock,art rock,british invasion,1744906,0,142227,0.563,0.915,7,-5.062,1,0.08,0.247,8.46e-05,0.0613,0.71,136.345,4
Rock Classics,Rock legends and epic songs that continue to inspire generations.,6gQUbFwwdYXlKdmqRoWKJe,Dude (Looks Like A Lady),1987-01-01,115119117,Permanent Vacation,Aerosmith,,,7Ey4PD4MYsKc5I2dolUwbH,73,album rock,classic rock,hard rock,9558104,0,265773,0.54,0.982,4,-2.962,0,0.0458,0.435,3.37e-05,0.0457,0.91,126.294,4
Rock Classics,Rock legends and epic songs that continue to inspire generations.,0PP933bHgvV0eD19dG3ms5,Here I Go Again 87 - 2017 Remastered Version,1987,nan,Whitesnake (30th Anniversary Remaster),Whitesnake,,,3UbyYnvNIT5DFXU4WgiGpP,0,album rock,british blues,classic rock,1850806,0,275693,0.384,0.846,7,-5.591,1,0.0365,0.151,7.73e-05,0.0913,0.272,90.172,4
Rock Classics,Rock legends and epic songs that continue to inspire generations.,4nuUssdgKFy2QyYHHNkZQW,Sunday Bloody Sunday - Remastered 2008,1983-02-28,192518734,War (Deluxe Edition Remastered),U2,,,51Blml2LZPmy7TTiAg47vQ,65,irish rock,permanent wave,rock,7751777,0,279440,0.543,0.944,6,-7.495,1,0.0543,0.402,0.000564,0.0373,0.735,101.174,4
Rock Classics,Rock legends and epic songs that continue to inspire generations.,7J4WbEdRTZGJDsSr5AACCw,Midnight Rider,1970-09-23,116483300,Idlewild South,Allman Brothers Band,,,4wQ3PyMz3WwJGI5uEqHUVR,0,album rock,blues rock,classic rock,1033912,0,179933,0.392,0.334,7,-18.294,1,0.0319,0.515,0.0946,0.0892,0.621,189.394,4
Rock Classics,Rock legends and epic songs that continue to inspire generations.,6i8ecOsx4J2Px1maiqzqoG,Everywhere,1987-04-13,378413335,Tango In The Night,Fleetwood Mac,,,08GQAI4eElDnROBrJRGE0X,0,album rock,classic rock,mellow gold,5832636,0,222733,0.69,0.54,4,-10.516,1,0.0317,0.218,0.00657,0.115,0.764,114.846,4
Rock Classics,Rock legends and epic songs that continue to inspire generations.,3MODES4TNtygekLl146Dxd,Ramble On - 1990 Remaster,1969-10-22,181643115,Led Zeppelin II (1994 Remaster),Led Zeppelin,,,36QJpDe2go2KgaRleHCDTp,72,album rock,classic rock,hard rock,10076501,0,263333,0.468,0.607,9,-11.367,1,0.0336,0.072,0.000852,0.225,0.886,98.429,4
Rock Classics,Rock legends and epic songs that continue to inspire generations.,3vCHmbyOgc6pgwLUWfU4pF,Somebody To Love - Remastered 2011,1976-12-10,496633748,A Day At The Races (2011 Remaster),Queen,,,1dfeR4HaWDbWqFHLkxsg1d,0,classic rock,glam rock,rock,31307394,0,296480,0.461,0.69,8,-6.958,1,0.0611,0.169,1.01e-06,0.113,0.353,110.915,3
Rock Classics,Rock legends and epic songs that continue to inspire generations.,4nXkbcTj3nyww1cHkw5RAP,Long Train Runnin',1973,174778069,The Captain and Me,The Doobie Brothers,,,39T6qqI0jDtSWWioX8eGJz,73,album rock,art rock,blues rock,1431344,0,207267,0.575,0.912,7,-7.275,0,0.0393,0.0916,0.00211,0.0562,0.843,117.399,4
Rock Classics,Rock legends and epic songs that continue to inspire generations.,5zH710lFSLtkHbMkslLDjR,Crazy On You,1975,78502745,Dreamboat Annie,Heart,,,34jw2BbxjoYalTp8cJFCPv,68,album rock,classic rock,hard rock,1495678,0,293440,0.427,0.459,9,-12.442,0,0.0332,0.116,0.000103,0.132,0.383,129.878,4
Rock Classics,Rock legends and epic songs that continue to inspire generations.,5UYPZZDQfpCE7A0FDDqv4k,Foreplay / Long Time,1976,68769150,Boston,Boston,,,29kkCKKGXheHuoO829FxWK,0,album rock,art rock,classic rock,1661311,0,467640,0.436,0.657,5,-8.868,1,0.0541,0.00975,0.00748,0.0931,0.21,118.693,4
Rock Classics,Rock legends and epic songs that continue to inspire generations.,45s88Xopo6KvHc0PQ05aGg,My Generation - Mono Version,1966-04-01,nan,The Who Sings My Generation (U.S. Version),The Who,,,67ea9eGLXYMsO2eYQRui3w,61,album rock,art rock,blues rock,3736490,0,198867,0.299,0.787,0,-7.93,0,0.069,0.14,0.0,0.292,0.716,94.798,4
Rock Classics,Rock legends and epic songs that continue to inspire generations.,6ToM0uwxtPKo9CMpbPGYvM,Break on Through (To the Other Side),1967-01-04,156334481,The Doors,The Doors,,,22WZ7M8sxp5THdruNY3gXt,73,acid rock,classic rock,psychedelic rock,5539797,0,145867,0.421,0.751,9,-9.584,1,0.0472,0.2,0.0,0.17,0.789,89.839,4
