playlist,description,track_id,title,plays,album,artist1,artist2,artist3,artist_id,popularity_track,genre1,genre2,genre3,artist_followers,explicit,duration,danceability,energy,key,loudness,mode,speechiness,acousticness,instrumentalness,liveness,valence,tempo,time_signature
Mega Hits 2020 - Die Hits des Jahres,"Die grÃ¶ÃŸten Hits und Banger des Jahres 2020 in einer Playlist! Bock auf Mega <a href=""https://www.weihnachtsplaylist.de/?utm_source=spotify&utm_medium=playlistslink&utm_campaign=megahits"">Weihnachts-Hits?</a> ðŸŽ…ðŸŽ„",0VjIjW4GlUZAMYd2vXMi3b,Blinding Lights,1763233948,After Hours,The Weeknd,,,1Xyo4u8uXC1ZmMpatF05PJ,97,canadian contemporary r&b,canadian pop,pop,26750673,0,200040,0.514,0.73,1,-5.934,1,0.0598,0.00146,9.54e-05,0.0897,0.334,171.005,4
Mega Hits 2020 - Die Hits des Jahres,"Die grÃ¶ÃŸten Hits und Banger des Jahres 2020 in einer Playlist! Bock auf Mega <a href=""https://www.weihnachtsplaylist.de/?utm_source=spotify&utm_medium=playlistslink&utm_campaign=megahits"">Weihnachts-Hits?</a> ðŸŽ…ðŸŽ„",3H7ihDc1dqLriiWXwsc2po,Breaking Me,582206047,Breaking Me,Topic,A7S,,0u6GtibW46tFX7koQ6uNJZ,91,dance pop,edm,german dance,113929,0,166794,0.789,0.72,8,-5.652,0,0.218,0.223,0.0,0.129,0.664,122.031,4
Mega Hits 2020 - Die Hits des Jahres,"Die grÃ¶ÃŸten Hits und Banger des Jahres 2020 in einer Playlist! Bock auf Mega <a href=""https://www.weihnachtsplaylist.de/?utm_source=spotify&utm_medium=playlistslink&utm_campaign=megahits"">Weihnachts-Hits?</a> ðŸŽ…ðŸŽ„",51Of5p3lKZeOg6itfs4og4,Lovefool,108403408,Lovefool,twocolors,,,7ACEUD7UsmmXrnj4OLt8f9,84,pop edm,,,21954,0,190488,0.677,0.766,6,-6.896,1,0.0568,0.0219,6.81e-06,0.129,0.198,123.062,4
Mega Hits 2020 - Die Hits des Jahres,"Die grÃ¶ÃŸten Hits und Banger des Jahres 2020 in einer Playlist! Bock auf Mega <a href=""https://www.weihnachtsplaylist.de/?utm_source=spotify&utm_medium=playlistslink&utm_campaign=megahits"">Weihnachts-Hits?</a> ðŸŽ…ðŸŽ„",7ytR5pFWmSjzHJIeQkgog4,ROCKSTAR (feat. Roddy Ricch),912816252,BLAME IT ON BABY,DaBaby,Roddy Ricch,,4r63FhuTkUYltbVAg5TQnk,94,north carolina hip hop,rap,,5185479,1,181733,0.746,0.69,11,-7.956,1,0.164,0.247,0.0,0.101,0.497,89.977,4
Mega Hits 2020 - Die Hits des Jahres,"Die grÃ¶ÃŸten Hits und Banger des Jahres 2020 in einer Playlist! Bock auf Mega <a href=""https://www.weihnachtsplaylist.de/?utm_source=spotify&utm_medium=playlistslink&utm_campaign=megahits"">Weihnachts-Hits?</a> ðŸŽ…ðŸŽ„",4nK5YrxbMGZstTLbvj6Gxw,Supalonely,478258837,STELLA & STEVE,BENEE,Gus Dapperton,,0Cp8WN4V8Tu4QJQwCN5Md4,84,nz pop,pop,,535320,1,223480,0.863,0.631,7,-4.689,1,0.0534,0.305,3.04e-05,0.123,0.817,128.977,4
Mega Hits 2020 - Die Hits des Jahres,"Die grÃ¶ÃŸten Hits und Banger des Jahres 2020 in einer Playlist! Bock auf Mega <a href=""https://www.weihnachtsplaylist.de/?utm_source=spotify&utm_medium=playlistslink&utm_campaign=megahits"">Weihnachts-Hits?</a> ðŸŽ…ðŸŽ„",0l4AReW2LuX0yStPfgQgSR,Giants,78404814,Giants,Dermot Kennedy,,,5KNNVgR6LBIABRIomyCwKJ,81,folk-pop,irish pop,pop,797628,0,177173,0.579,0.839,8,-5.409,0,0.0703,0.0145,3.04e-05,0.201,0.589,158.141,4
Mega Hits 2020 - Die Hits des Jahres,"Die grÃ¶ÃŸten Hits und Banger des Jahres 2020 in einer Playlist! Bock auf Mega <a href=""https://www.weihnachtsplaylist.de/?utm_source=spotify&utm_medium=playlistslink&utm_campaign=megahits"">Weihnachts-Hits?</a> ðŸŽ…ðŸŽ„",2mt1IqcFyY1zmYZT8Q3xw9,hot girl bummer,682830204,everything means nothing,blackbear,,,2cFrymmkijnjDg9SS92EPM,87,electropop,pop,pop rap,3776009,1,188344,0.782,0.559,6,-7.106,0,0.0767,0.125,0.0,0.385,0.685,129.992,1
Mega Hits 2020 - Die Hits des Jahres,"Die grÃ¶ÃŸten Hits und Banger des Jahres 2020 in einer Playlist! Bock auf Mega <a href=""https://www.weihnachtsplaylist.de/?utm_source=spotify&utm_medium=playlistslink&utm_campaign=megahits"">Weihnachts-Hits?</a> ðŸŽ…ðŸŽ„",1Cv1YLb4q0RzL6pybtaMLo,Sunday Best,567483247,Where the Light Is,Surfaces,,,4ETSs924pXMzjIeD6E9b4u,86,bedroom soul,pop,,630258,0,158571,0.878,0.525,5,-6.832,1,0.0578,0.183,0.0,0.0714,0.694,112.022,4
Mega Hits 2020 - Die Hits des Jahres,"Die grÃ¶ÃŸten Hits und Banger des Jahres 2020 in einer Playlist! Bock auf Mega <a href=""https://www.weihnachtsplaylist.de/?utm_source=spotify&utm_medium=playlistslink&utm_campaign=megahits"">Weihnachts-Hits?</a> ðŸŽ…ðŸŽ„",2CfWHcw3H18SdyX4PcwJV2,Watershed,18951610,ROOKERY,Giant Rooks,,,5wD0owYApRtYmjPWavWKvb,66,german indie,german pop,german rock,145037,0,218533,0.571,0.791,3,-5.04,0,0.0396,0.151,0.0,0.131,0.423,119.956,4
Mega Hits 2020 - Die Hits des Jahres,"Die grÃ¶ÃŸten Hits und Banger des Jahres 2020 in einer Playlist! Bock auf Mega <a href=""https://www.weihnachtsplaylist.de/?utm_source=spotify&utm_medium=playlistslink&utm_campaign=megahits"">Weihnachts-Hits?</a> ðŸŽ…ðŸŽ„",4l0Mvzj72xxOpRrp6h8nHi,Lose You To Love Me,601107583,Rare,Selena Gomez,,,0C8ZW7ezQVs4URX5aX7Kqx,85,dance pop,pop,pop dance,23875186,0,206459,0.488,0.343,4,-8.985,1,0.0436,0.556,0.0,0.21,0.0978,102.819,4
Mega Hits 2020 - Die Hits des Jahres,"Die grÃ¶ÃŸten Hits und Banger des Jahres 2020 in einer Playlist! Bock auf Mega <a href=""https://www.weihnachtsplaylist.de/?utm_source=spotify&utm_medium=playlistslink&utm_campaign=megahits"">Weihnachts-Hits?</a> ðŸŽ…ðŸŽ„",1cVQmBnSLjhWB67iqAXYZZ,I Just Wanna (feat. Bow Anderson),1396058,I Just Wanna (feat. Bow Anderson),Felix Jaehn,Cheat Codes,Bow Anderson,4bL2B6hmLlMWnUEZnorEtG,67,dance pop,edm,electro house,1059829,0,159657,0.696,0.724,11,-7.083,1,0.0421,0.18,8.69e-05,0.251,0.568,117.998,4
Mega Hits 2020 - Die Hits des Jahres,"Die grÃ¶ÃŸten Hits und Banger des Jahres 2020 in einer Playlist! Bock auf Mega <a href=""https://www.weihnachtsplaylist.de/?utm_source=spotify&utm_medium=playlistslink&utm_campaign=megahits"">Weihnachts-Hits?</a> ðŸŽ…ðŸŽ„",7N06jo3EnV792VFaG8vuW6,Close Your Eyes,113864941,Close Your Eyes,Felix Jaehn,VIZE,Miss Li,4bL2B6hmLlMWnUEZnorEtG,78,dance pop,edm,electro house,1059829,0,160794,0.818,0.823,11,-3.563,0,0.2,0.0663,1.17e-05,0.133,0.52,128.136,4
Mega Hits 2020 - Die Hits des Jahres,"Die grÃ¶ÃŸten Hits und Banger des Jahres 2020 in einer Playlist! Bock auf Mega <a href=""https://www.weihnachtsplaylist.de/?utm_source=spotify&utm_medium=playlistslink&utm_campaign=megahits"">Weihnachts-Hits?</a> ðŸŽ…ðŸŽ„",6ft4hAq6yde8jPZY2i5zLr,Paradise (feat. Dermot Kennedy),57670219,Paradise,MEDUZA,Dermot Kennedy,,0xRXCcSX89eobfrshSVdyu,89,edm,pop dance,pop house,349102,0,167903,0.632,0.595,8,-7.644,0,0.0401,0.0689,0.0,0.209,0.435,124.114,4
Mega Hits 2020 - Die Hits des Jahres,"Die grÃ¶ÃŸten Hits und Banger des Jahres 2020 in einer Playlist! Bock auf Mega <a href=""https://www.weihnachtsplaylist.de/?utm_source=spotify&utm_medium=playlistslink&utm_campaign=megahits"">Weihnachts-Hits?</a> ðŸŽ…ðŸŽ„",1XdMp6v9Q3N80WnKSbGfl4,Hollywood,64553820,Hollywood,LA Vision,Gigi D'Agostino,,02qlwM8fpqep7vX8KKEFmK,77,,,,3401,0,199655,0.744,0.793,7,-6.02,0,0.0291,0.00851,0.000231,0.363,0.325,116.0,4
Mega Hits 2020 - Die Hits des Jahres,"Die grÃ¶ÃŸten Hits und Banger des Jahres 2020 in einer Playlist! Bock auf Mega <a href=""https://www.weihnachtsplaylist.de/?utm_source=spotify&utm_medium=playlistslink&utm_campaign=megahits"">Weihnachts-Hits?</a> ðŸŽ…ðŸŽ„",3Uo7WG0vmLQ07WB4BDwy7D,willow,37419532,evermore,Taylor Swift,,,06HL4z0CvFAxyc27GXpf02,80,pop,,,34615035,0,214707,0.392,0.579,7,-9.195,1,0.164,0.835,0.00179,0.145,0.549,80.961,4
Mega Hits 2020 - Die Hits des Jahres,"Die grÃ¶ÃŸten Hits und Banger des Jahres 2020 in einer Playlist! Bock auf Mega <a href=""https://www.weihnachtsplaylist.de/?utm_source=spotify&utm_medium=playlistslink&utm_campaign=megahits"">Weihnachts-Hits?</a> ðŸŽ…ðŸŽ„",24UgOPKL5S1vwzLwUtPsz7,WEISSER RAUCH,53787818,WEISSER RAUCH,FOURTY,,,1SnSPHBs8l5iAvoWF0aO05,65,german hip hop,german r&b,german trap,23836,0,182925,0.63,0.777,6,-5.79,0,0.136,0.0589,0.000126,0.142,0.751,127.094,4
Mega Hits 2020 - Die Hits des Jahres,"Die grÃ¶ÃŸten Hits und Banger des Jahres 2020 in einer Playlist! Bock auf Mega <a href=""https://www.weihnachtsplaylist.de/?utm_source=spotify&utm_medium=playlistslink&utm_campaign=megahits"">Weihnachts-Hits?</a> ðŸŽ…ðŸŽ„",5NYzvVxuyXiHSqn7PojgKC,Ich hol dich ab,36064142,Ich hol dich ab,Jamule,,,4sVieJlKgpZ2k9ESNS5IdN,58,german hip hop,german trap,,247837,0,152927,0.685,0.494,6,-10.431,0,0.143,0.291,2.4e-06,0.0581,0.445,153.986,4
Mega Hits 2020 - Die Hits des Jahres,"Die grÃ¶ÃŸten Hits und Banger des Jahres 2020 in einer Playlist! Bock auf Mega <a href=""https://www.weihnachtsplaylist.de/?utm_source=spotify&utm_medium=playlistslink&utm_campaign=megahits"">Weihnachts-Hits?</a> ðŸŽ…ðŸŽ„",5gFCFZnV0QTt1YfjY7dJBY,Superstar,28091703,Superstar,David Puentez,Albert Neve,,4gSsv9FQDyXx0GUkZYha7v,70,pop dance,progressive electro house,,47221,0,165000,0.727,0.725,0,-6.198,1,0.203,0.0624,0.0,0.1,0.468,119.965,4
Mega Hits 2020 - Die Hits des Jahres,"Die grÃ¶ÃŸten Hits und Banger des Jahres 2020 in einer Playlist! Bock auf Mega <a href=""https://www.weihnachtsplaylist.de/?utm_source=spotify&utm_medium=playlistslink&utm_campaign=megahits"">Weihnachts-Hits?</a> ðŸŽ…ðŸŽ„",54bFM56PmE4YLRnqpW6Tha,Therefore I Am,142871097,Therefore I Am,Billie Eilish,,,6qqNVTkY8uBg9cP3Jd7DAH,96,electropop,pop,,36475700,0,174321,0.889,0.34,11,-7.773,0,0.0697,0.218,0.13,0.055,0.716,94.009,4
Mega Hits 2020 - Die Hits des Jahres,"Die grÃ¶ÃŸten Hits und Banger des Jahres 2020 in einer Playlist! Bock auf Mega <a href=""https://www.weihnachtsplaylist.de/?utm_source=spotify&utm_medium=playlistslink&utm_campaign=megahits"">Weihnachts-Hits?</a> ðŸŽ…ðŸŽ„",0VpfrZqELaWqbGemlf0tTd,Bye Bye,453737,Bye Bye,Sarah Connor,,,7e52Ytzjj1q71DUj2cSlch,58,europop,german pop,,658833,0,194724,0.538,0.696,11,-6.474,1,0.137,0.209,0.0,0.0923,0.534,163.867,4
Mega Hits 2020 - Die Hits des Jahres,"Die grÃ¶ÃŸten Hits und Banger des Jahres 2020 in einer Playlist! Bock auf Mega <a href=""https://www.weihnachtsplaylist.de/?utm_source=spotify&utm_medium=playlistslink&utm_campaign=megahits"">Weihnachts-Hits?</a> ðŸŽ…ðŸŽ„",7lidXGPXPYLNThITAOTlkK,You should be sad,325002484,Manic,Halsey,,,26VFTg2z8YR0cCuwLzESi2,82,dance pop,electropop,etherpop,13068608,1,205473,0.591,0.585,2,-6.35,1,0.0277,0.143,0.0,0.109,0.324,110.94,4
Mega Hits 2020 - Die Hits des Jahres,"Die grÃ¶ÃŸten Hits und Banger des Jahres 2020 in einer Playlist! Bock auf Mega <a href=""https://www.weihnachtsplaylist.de/?utm_source=spotify&utm_medium=playlistslink&utm_campaign=megahits"">Weihnachts-Hits?</a> ðŸŽ…ðŸŽ„",62aP9fBQKYKxi7PDXwcUAS,ily (i love you baby) (feat. Emilee),478735389,ily (i love you baby) (feat. Emilee),Surf Mesa,Emilee,,1lmU3giNF3CSbkVSQmLpHQ,88,tropical house,,,106072,0,176547,0.674,0.774,11,-7.567,0,0.0892,0.0686,0.00188,0.393,0.33,112.05,4
Mega Hits 2020 - Die Hits des Jahres,"Die grÃ¶ÃŸten Hits und Banger des Jahres 2020 in einer Playlist! Bock auf Mega <a href=""https://www.weihnachtsplaylist.de/?utm_source=spotify&utm_medium=playlistslink&utm_campaign=megahits"">Weihnachts-Hits?</a> ðŸŽ…ðŸŽ„",2Z8yfpFX0ZMavHkcIeHiO1,Monster (Shawn Mendes & Justin Bieber),99374186,Monster,Shawn Mendes,Justin Bieber,,7n2wHs1TKAczGzO7Dd2rGr,94,canadian pop,dance pop,pop,30455674,0,178994,0.652,0.383,2,-7.076,0,0.0516,0.0676,0.0,0.0828,0.549,145.765,4
Mega Hits 2020 - Die Hits des Jahres,"Die grÃ¶ÃŸten Hits und Banger des Jahres 2020 in einer Playlist! Bock auf Mega <a href=""https://www.weihnachtsplaylist.de/?utm_source=spotify&utm_medium=playlistslink&utm_campaign=megahits"">Weihnachts-Hits?</a> ðŸŽ…ðŸŽ„",1hoLUVBx0ixX3kn0EX0P5n,Kein Wort,66498290,Kein Wort,Juju,Loredana,Miksu / Macloud,4sg4no0TXdsrM1s4SVUwNF,69,frauenrap,german hip hop,german pop,448509,0,162094,0.746,0.592,6,-6.861,0,0.0914,0.462,1.17e-05,0.187,0.629,160.065,4
Mega Hits 2020 - Die Hits des Jahres,"Die grÃ¶ÃŸten Hits und Banger des Jahres 2020 in einer Playlist! Bock auf Mega <a href=""https://www.weihnachtsplaylist.de/?utm_source=spotify&utm_medium=playlistslink&utm_campaign=megahits"">Weihnachts-Hits?</a> ðŸŽ…ðŸŽ„",7FIWs0pqAYbP91WWM0vlTQ,Godzilla (feat. Juice WRLD),529288489,Music To Be Murdered By,Eminem,Juice WRLD,,7dGJo4pcD2V6oG8kP0tJRR,87,detroit hip hop,hip hop,rap,40013868,1,210800,0.808,0.745,10,-5.26,0,0.342,0.145,0.0,0.292,0.829,165.995,4
Mega Hits 2020 - Die Hits des Jahres,"Die grÃ¶ÃŸten Hits und Banger des Jahres 2020 in einer Playlist! Bock auf Mega <a href=""https://www.weihnachtsplaylist.de/?utm_source=spotify&utm_medium=playlistslink&utm_campaign=megahits"">Weihnachts-Hits?</a> ðŸŽ…ðŸŽ„",4wNIkl5XGiAACjFBlDWuSd,What A Man Gotta Do,266586031,What A Man Gotta Do,Jonas Brothers,,,7gOdHgIoIKoe4i9Tta6qdD,83,boy band,dance pop,pop,4758338,0,180645,0.852,0.698,9,-7.206,1,0.0629,0.00839,1.03e-06,0.0773,0.324,113.039,4
Mega Hits 2020 - Die Hits des Jahres,"Die grÃ¶ÃŸten Hits und Banger des Jahres 2020 in einer Playlist! Bock auf Mega <a href=""https://www.weihnachtsplaylist.de/?utm_source=spotify&utm_medium=playlistslink&utm_campaign=megahits"">Weihnachts-Hits?</a> ðŸŽ…ðŸŽ„",1EkcoZn8GA9PRPU9X9sPti,Move,15556172,Move,badmÃ³mzjay,,,7oWrEQO1d3klp0Qrfh7a5h,61,frauenrap,german drill,german hip hop,113107,1,164361,0.837,0.578,3,-5.18,0,0.239,0.128,0.0,0.166,0.357,95.988,4
Mega Hits 2020 - Die Hits des Jahres,"Die grÃ¶ÃŸten Hits und Banger des Jahres 2020 in einer Playlist! Bock auf Mega <a href=""https://www.weihnachtsplaylist.de/?utm_source=spotify&utm_medium=playlistslink&utm_campaign=megahits"">Weihnachts-Hits?</a> ðŸŽ…ðŸŽ„",6wJYhPfqk3KGhHRG76WzOh,Blueberry Faygo,687776136,Blueberry Faygo,Lil Mosey,,,5zctI4wO9XSKS8XwcnqEHk,85,melodic rap,rap conscient,trap,3096283,1,162547,0.774,0.554,0,-7.909,1,0.0383,0.207,0.0,0.132,0.349,99.034,4
Mega Hits 2020 - Die Hits des Jahres,"Die grÃ¶ÃŸten Hits und Banger des Jahres 2020 in einer Playlist! Bock auf Mega <a href=""https://www.weihnachtsplaylist.de/?utm_source=spotify&utm_medium=playlistslink&utm_campaign=megahits"">Weihnachts-Hits?</a> ðŸŽ…ðŸŽ„",5wqUYUHwdmHuXpjmBB7wxY,Gnat,nan,Music To Be Murdered By - Side B (Deluxe Edition),Eminem,,,7dGJo4pcD2V6oG8kP0tJRR,0,detroit hip hop,hip hop,rap,40013868,0,224656,0.828,0.889,10,-4.303,0,0.267,0.252,0.0,0.493,0.807,141.022,4
Mega Hits 2020 - Die Hits des Jahres,"Die grÃ¶ÃŸten Hits und Banger des Jahres 2020 in einer Playlist! Bock auf Mega <a href=""https://www.weihnachtsplaylist.de/?utm_source=spotify&utm_medium=playlistslink&utm_campaign=megahits"">Weihnachts-Hits?</a> ðŸŽ…ðŸŽ„",7hr6WRm7HUlVdkfnhSTm0G,Like I Love You,41441701,Nico Santos,Nico Santos,Topic,,3A9B6c1CrSPauiOblw7pWz,67,german pop,,,406745,0,203560,0.727,0.877,9,-2.411,0,0.0414,0.115,9.49e-06,0.316,0.699,126.056,4
Mega Hits 2020 - Die Hits des Jahres,"Die grÃ¶ÃŸten Hits und Banger des Jahres 2020 in einer Playlist! Bock auf Mega <a href=""https://www.weihnachtsplaylist.de/?utm_source=spotify&utm_medium=playlistslink&utm_campaign=megahits"">Weihnachts-Hits?</a> ðŸŽ…ðŸŽ„",50Td3qilgs8BLtv8mHyT1t,Control,101045492,Control,Zoe Wees,,,03d2mJXSMtuPI0nIvLnhoS,81,german pop,,,58132,0,230880,0.599,0.465,4,-4.95,1,0.0314,0.643,1.57e-06,0.149,0.0678,113.82,4
Mega Hits 2020 - Die Hits des Jahres,"Die grÃ¶ÃŸten Hits und Banger des Jahres 2020 in einer Playlist! Bock auf Mega <a href=""https://www.weihnachtsplaylist.de/?utm_source=spotify&utm_medium=playlistslink&utm_campaign=megahits"">Weihnachts-Hits?</a> ðŸŽ…ðŸŽ„",0S9AeouGMsdhBpCYDxSDHQ,Hayati,25331825,Hayati,Soolking,MERO,,0GgY7hjMoGDsX8ZDe2mwds,59,francoton,french hip hop,pop urbaine,1962109,0,149973,0.791,0.628,10,-9.618,0,0.444,0.507,0.0,0.125,0.498,100.449,4
Mega Hits 2020 - Die Hits des Jahres,"Die grÃ¶ÃŸten Hits und Banger des Jahres 2020 in einer Playlist! Bock auf Mega <a href=""https://www.weihnachtsplaylist.de/?utm_source=spotify&utm_medium=playlistslink&utm_campaign=megahits"">Weihnachts-Hits?</a> ðŸŽ…ðŸŽ„",3RabvmdOtyezitodmMIrW0,Allein,nan,Allein,GestÃ¶rt aber GeiL,Tina Naderer,,7KAGJwWQQui8b0uqwXRkSr,19,german dance,german pop,partyschlager,403826,0,173546,0.862,0.74,5,-4.623,1,0.0495,0.0545,9.51e-06,0.0826,0.47,126.038,4
Mega Hits 2020 - Die Hits des Jahres,"Die grÃ¶ÃŸten Hits und Banger des Jahres 2020 in einer Playlist! Bock auf Mega <a href=""https://www.weihnachtsplaylist.de/?utm_source=spotify&utm_medium=playlistslink&utm_campaign=megahits"">Weihnachts-Hits?</a> ðŸŽ…ðŸŽ„",4xqrdfXkTW4T0RauPLv3WA,Heather,342382041,Kid Krow,Conan Gray,,,4Uc8Dsxct0oMqx0P6i60ea,93,bedroom pop,electropop,indie pop,2282898,0,198040,0.357,0.425,5,-7.301,1,0.0333,0.584,0.0,0.322,0.27,102.078,3
Mega Hits 2020 - Die Hits des Jahres,"Die grÃ¶ÃŸten Hits und Banger des Jahres 2020 in einer Playlist! Bock auf Mega <a href=""https://www.weihnachtsplaylist.de/?utm_source=spotify&utm_medium=playlistslink&utm_campaign=megahits"">Weihnachts-Hits?</a> ðŸŽ…ðŸŽ„",0atjNG0rNW2m6zPaiK4Co7,Roadrunner,50415774,Hollywood,Bonez MC,,,1aS5tqEs9ci5P9KD9tZWa6,71,german hip hop,hamburg hip hop,,1489763,0,149028,0.804,0.606,7,-9.045,1,0.242,0.137,0.245,0.111,0.247,99.024,4
Mega Hits 2020 - Die Hits des Jahres,"Die grÃ¶ÃŸten Hits und Banger des Jahres 2020 in einer Playlist! Bock auf Mega <a href=""https://www.weihnachtsplaylist.de/?utm_source=spotify&utm_medium=playlistslink&utm_campaign=megahits"">Weihnachts-Hits?</a> ðŸŽ…ðŸŽ„",3Z8FwOEN59mRMxDCtb8N0A,Be Kind (with Halsey),289520322,Be Kind (with Halsey),Marshmello,Halsey,,64KEffDW9EtZ1y2vBYgq8T,87,brostep,edm,pop,28341770,0,172762,0.63,0.633,4,-7.088,1,0.0457,0.00776,0.0,0.0541,0.452,93.995,4
Mega Hits 2020 - Die Hits des Jahres,"Die grÃ¶ÃŸten Hits und Banger des Jahres 2020 in einer Playlist! Bock auf Mega <a href=""https://www.weihnachtsplaylist.de/?utm_source=spotify&utm_medium=playlistslink&utm_campaign=megahits"">Weihnachts-Hits?</a> ðŸŽ…ðŸŽ„",6GBqdi73dERC2zfqIuV6Zd,The One,1924879,The One,Rea Garvey,VIZE,,0bmxU94V20pNJ2Vie9kFYv,63,german pop,,,266064,0,163004,0.83,0.796,5,-4.578,1,0.12,0.0248,5.68e-05,0.0702,0.422,128.021,4
Mega Hits 2020 - Die Hits des Jahres,"Die grÃ¶ÃŸten Hits und Banger des Jahres 2020 in einer Playlist! Bock auf Mega <a href=""https://www.weihnachtsplaylist.de/?utm_source=spotify&utm_medium=playlistslink&utm_campaign=megahits"">Weihnachts-Hits?</a> ðŸŽ…ðŸŽ„",3ZdDYeaZzeYnrP4crgXzPk,90-60-111,30194338,90-60-111,SHIRIN DAVID,,,0JBdTCGs111JKKYfLqOEBa,65,frauenrap,german pop,,497288,1,141387,0.8,0.628,2,-6.615,1,0.285,0.103,0.0,0.391,0.745,143.979,4
Mega Hits 2020 - Die Hits des Jahres,"Die grÃ¶ÃŸten Hits und Banger des Jahres 2020 in einer Playlist! Bock auf Mega <a href=""https://www.weihnachtsplaylist.de/?utm_source=spotify&utm_medium=playlistslink&utm_campaign=megahits"">Weihnachts-Hits?</a> ðŸŽ…ðŸŽ„",34VD6GZycwcLUMXwpIur9M,Don't Let Me Down,27872848,Don't Let Me Down,Milky Chance,Jack Johnson,,1hzfo8twXdOegF3xireCYs,67,german pop,,,1427980,0,200391,0.854,0.675,0,-7.32,1,0.06,0.346,9.88e-05,0.12,0.73,109.955,4
Mega Hits 2020 - Die Hits des Jahres,"Die grÃ¶ÃŸten Hits und Banger des Jahres 2020 in einer Playlist! Bock auf Mega <a href=""https://www.weihnachtsplaylist.de/?utm_source=spotify&utm_medium=playlistslink&utm_campaign=megahits"">Weihnachts-Hits?</a> ðŸŽ…ðŸŽ„",4HBZA5flZLE435QTztThqH,Stuck with U (with Justin Bieber),419172824,Stuck with U,Ariana Grande,Justin Bieber,,66CXWjxzNUsdJxJ2JdwvnR,90,pop,post-teen pop,,54403579,0,228482,0.597,0.45,8,-6.658,1,0.0418,0.223,0.0,0.382,0.537,178.765,3
Mega Hits 2020 - Die Hits des Jahres,"Die grÃ¶ÃŸten Hits und Banger des Jahres 2020 in einer Playlist! Bock auf Mega <a href=""https://www.weihnachtsplaylist.de/?utm_source=spotify&utm_medium=playlistslink&utm_campaign=megahits"">Weihnachts-Hits?</a> ðŸŽ…ðŸŽ„",5CqkgDH8QZjSqqI3HmYxDD,Airwaves,79201569,Airwaves,Pashanim,,,34LetYSjEuG2fBb4Z8PwPg,75,german alternative rap,german drill,german hip hop,142796,0,178933,0.885,0.578,5,-7.416,0,0.0783,0.0739,0.0903,0.102,0.388,131.999,4
Mega Hits 2020 - Die Hits des Jahres,"Die grÃ¶ÃŸten Hits und Banger des Jahres 2020 in einer Playlist! Bock auf Mega <a href=""https://www.weihnachtsplaylist.de/?utm_source=spotify&utm_medium=playlistslink&utm_campaign=megahits"">Weihnachts-Hits?</a> ðŸŽ…ðŸŽ„",1V7JaMp11LKGwKiVmSetf0,Baby,68924120,Baby,Joker Bra,VIZE,,325L7kby6bkG5qSXXAFEWM,71,german hip hop,,,181556,0,148125,0.771,0.921,1,-4.228,0,0.109,0.166,0.000211,0.119,0.56,128.021,4
Mega Hits 2020 - Die Hits des Jahres,"Die grÃ¶ÃŸten Hits und Banger des Jahres 2020 in einer Playlist! Bock auf Mega <a href=""https://www.weihnachtsplaylist.de/?utm_source=spotify&utm_medium=playlistslink&utm_campaign=megahits"">Weihnachts-Hits?</a> ðŸŽ…ðŸŽ„",21p89pQKz0PqIvILJ19JY1,Mein Zuhause,1219319,Mein Zuhause,Georg Stengel,,,7jQYzUpPshdP6jZS7lJSDU,61,,,,15095,0,183115,0.615,0.517,0,-8.731,1,0.0549,0.0271,0.0,0.059,0.397,130.043,4
Mega Hits 2020 - Die Hits des Jahres,"Die grÃ¶ÃŸten Hits und Banger des Jahres 2020 in einer Playlist! Bock auf Mega <a href=""https://www.weihnachtsplaylist.de/?utm_source=spotify&utm_medium=playlistslink&utm_campaign=megahits"">Weihnachts-Hits?</a> ðŸŽ…ðŸŽ„",3JtIS5WNPJokeMeEVnWWEM,Der letzte Tanz,3593278,Der letzte Tanz,Bosse,,,2e4uIDIIBXR0MmZe0AJGhR,68,german indie,german pop,german rock,181819,0,200101,0.641,0.885,2,-4.066,0,0.0316,0.0329,0.000165,0.21,0.818,130.087,4
Mega Hits 2020 - Die Hits des Jahres,"Die grÃ¶ÃŸten Hits und Banger des Jahres 2020 in einer Playlist! Bock auf Mega <a href=""https://www.weihnachtsplaylist.de/?utm_source=spotify&utm_medium=playlistslink&utm_campaign=megahits"">Weihnachts-Hits?</a> ðŸŽ…ðŸŽ„",7qEHsqek33rTcFNT9PFqLf,Someone You Loved,1665382472,Divinely Uninspired To A Hellish Extent,Lewis Capaldi,,,4GNC7GD6oZMSxPGyXy4MNB,91,pop,uk pop,,6140463,0,182161,0.501,0.405,1,-5.679,1,0.0319,0.751,0.0,0.105,0.446,109.891,4
Mega Hits 2020 - Die Hits des Jahres,"Die grÃ¶ÃŸten Hits und Banger des Jahres 2020 in einer Playlist! Bock auf Mega <a href=""https://www.weihnachtsplaylist.de/?utm_source=spotify&utm_medium=playlistslink&utm_campaign=megahits"">Weihnachts-Hits?</a> ðŸŽ…ðŸŽ„",2b8fOow8UzyDFAE27YhOZM,Memories,1010763642,Memories,Maroon 5,,,04gDigrS5kc9YWfZHwBETP,90,pop,pop rock,,28345019,0,189486,0.764,0.32,11,-7.209,1,0.0546,0.837,0.0,0.0822,0.575,91.019,4
Mega Hits 2020 - Die Hits des Jahres,"Die grÃ¶ÃŸten Hits und Banger des Jahres 2020 in einer Playlist! Bock auf Mega <a href=""https://www.weihnachtsplaylist.de/?utm_source=spotify&utm_medium=playlistslink&utm_campaign=megahits"">Weihnachts-Hits?</a> ðŸŽ…ðŸŽ„",1B89LtaW92jj4AqT7OZ0Fj,KEIN SCHLAF,53083518,NIMORIGINAL,Nimo,Hava,,3ZuBEj9ppJe8GSdKaMTfMN,62,german hip hop,swedish hip hop,,1060597,0,200493,0.606,0.715,11,-5.608,1,0.173,0.294,0.000133,0.124,0.393,174.049,4
Mega Hits 2020 - Die Hits des Jahres,"Die grÃ¶ÃŸten Hits und Banger des Jahres 2020 in einer Playlist! Bock auf Mega <a href=""https://www.weihnachtsplaylist.de/?utm_source=spotify&utm_medium=playlistslink&utm_campaign=megahits"">Weihnachts-Hits?</a> ðŸŽ…ðŸŽ„",0Vl4eICpXMjtiK0RhdaWov,Zu Ende,nan,Zu Ende,Samra,ELIF,,6h1s4i4XKIYv4ErDelLDN0,64,german hip hop,,,913159,1,197861,0.707,0.747,8,-5.212,0,0.279,0.307,0.0,0.183,0.491,80.025,4
Mega Hits 2020 - Die Hits des Jahres,"Die grÃ¶ÃŸten Hits und Banger des Jahres 2020 in einer Playlist! Bock auf Mega <a href=""https://www.weihnachtsplaylist.de/?utm_source=spotify&utm_medium=playlistslink&utm_campaign=megahits"">Weihnachts-Hits?</a> ðŸŽ…ðŸŽ„",24ySl2hOPGCDcxBxFIqWBu,Rain On Me (with Ariana Grande),472494802,Rain On Me (with Ariana Grande),Lady Gaga,Ariana Grande,,1HY2Jd0NmPuamShAr6KMms,86,dance pop,pop,pop dance,15095008,0,182200,0.672,0.855,9,-3.764,1,0.0397,0.021,0.0,0.323,0.646,123.056,4
Mega Hits 2020 - Die Hits des Jahres,"Die grÃ¶ÃŸten Hits und Banger des Jahres 2020 in einer Playlist! Bock auf Mega <a href=""https://www.weihnachtsplaylist.de/?utm_source=spotify&utm_medium=playlistslink&utm_campaign=megahits"">Weihnachts-Hits?</a> ðŸŽ…ðŸŽ„",6BXyD6UUPizpRpA7iOi99r,In meinem Benz,60809320,In meinem Benz,AK AUSSERKONTROLLE,Bonez MC,,07SFzTMeYf5P8Rd32a9Zzw,71,german hip hop,,,635658,1,164203,0.786,0.666,6,-5.266,1,0.536,0.167,0.0,0.235,0.737,154.862,4
Mega Hits 2020 - Die Hits des Jahres,"Die grÃ¶ÃŸten Hits und Banger des Jahres 2020 in einer Playlist! Bock auf Mega <a href=""https://www.weihnachtsplaylist.de/?utm_source=spotify&utm_medium=playlistslink&utm_campaign=megahits"">Weihnachts-Hits?</a> ðŸŽ…ðŸŽ„",5LOJdJPzuevskkoAtLj8hb,Lonely,42640863,Lonely,Tujamo,VIZE,MAJAN,2vVNxGBvKRQMWwI5c8KmYh,77,big room,dance pop,edm,192623,0,168726,0.667,0.823,7,-3.797,1,0.0673,0.0607,0.0,0.0771,0.35,127.903,4
Mega Hits 2020 - Die Hits des Jahres,"Die grÃ¶ÃŸten Hits und Banger des Jahres 2020 in einer Playlist! Bock auf Mega <a href=""https://www.weihnachtsplaylist.de/?utm_source=spotify&utm_medium=playlistslink&utm_campaign=megahits"">Weihnachts-Hits?</a> ðŸŽ…ðŸŽ„",364dI1bYnvamSnBJ8JcNzN,Intentions,651152852,Intentions,Justin Bieber,Quavo,,1uNFoZAHBGtllmzznpCI3s,83,canadian pop,pop,post-teen pop,40434377,0,212869,0.811,0.553,9,-6.644,1,0.0552,0.317,0.0,0.105,0.86,148.014,4
Mega Hits 2020 - Die Hits des Jahres,"Die grÃ¶ÃŸten Hits und Banger des Jahres 2020 in einer Playlist! Bock auf Mega <a href=""https://www.weihnachtsplaylist.de/?utm_source=spotify&utm_medium=playlistslink&utm_campaign=megahits"">Weihnachts-Hits?</a> ðŸŽ…ðŸŽ„",7AAt2NDyAnv2Ni2decYxgh,Ladida (My Heart Goes Boom),22068456,Ladida (My Heart Goes Boom),CRISPIE,ILIRA,,0FsniWxk7B9Y5rOYxRrqiL,62,,,,1000,0,173333,0.68,0.815,0,-4.931,1,0.032,0.11,2.4e-05,0.138,0.436,126.013,4
Mega Hits 2020 - Die Hits des Jahres,"Die grÃ¶ÃŸten Hits und Banger des Jahres 2020 in einer Playlist! Bock auf Mega <a href=""https://www.weihnachtsplaylist.de/?utm_source=spotify&utm_medium=playlistslink&utm_campaign=megahits"">Weihnachts-Hits?</a> ðŸŽ…ðŸŽ„",1tkg4EHVoqnhR6iFEXb60y,What You Know Bout Love,308536609,Shoot For The Stars Aim For The Moon,Pop Smoke,,,0eDvMgVFoNV3TpwtrVCoTj,96,brooklyn drill,,,3046021,1,160000,0.709,0.548,10,-8.493,1,0.353,0.65,1.59e-06,0.133,0.543,83.995,4
Mega Hits 2020 - Die Hits des Jahres,"Die grÃ¶ÃŸten Hits und Banger des Jahres 2020 in einer Playlist! Bock auf Mega <a href=""https://www.weihnachtsplaylist.de/?utm_source=spotify&utm_medium=playlistslink&utm_campaign=megahits"">Weihnachts-Hits?</a> ðŸŽ…ðŸŽ„",2Y0wPrPQBrGhoLn14xRYCG,Come & Go (with Marshmello),335480248,Legends Never Die,Juice WRLD,Marshmello,,4MCBfE4596Uoi2O4DtmEMz,89,chicago rap,melodic rap,,14141093,1,205485,0.625,0.814,0,-5.181,1,0.0657,0.0172,0.0,0.158,0.535,144.991,4
Mega Hits 2020 - Die Hits des Jahres,"Die grÃ¶ÃŸten Hits und Banger des Jahres 2020 in einer Playlist! Bock auf Mega <a href=""https://www.weihnachtsplaylist.de/?utm_source=spotify&utm_medium=playlistslink&utm_campaign=megahits"">Weihnachts-Hits?</a> ðŸŽ…ðŸŽ„",3DXdjHnePKnh6oXw2ZgGSl,Smile,nan,Smile,Katy Perry,,,6jJ0s89eD6GaHleKKya26X,72,dance pop,pop,pop dance,16873256,0,166898,0.783,0.912,0,-3.713,1,0.243,0.0238,0.0,0.339,0.749,98.025,4
Mega Hits 2020 - Die Hits des Jahres,"Die grÃ¶ÃŸten Hits und Banger des Jahres 2020 in einer Playlist! Bock auf Mega <a href=""https://www.weihnachtsplaylist.de/?utm_source=spotify&utm_medium=playlistslink&utm_campaign=megahits"">Weihnachts-Hits?</a> ðŸŽ…ðŸŽ„",68lAxWGvGc9yGheEkFDFiT,Cinderella,22909758,Cinderella,Pietro Lombardi,,,387fj6TuPJ3y2H8ViAm6r0,68,german pop,,,327335,0,180412,0.77,0.794,9,-4.921,1,0.183,0.0305,0.0,0.11,0.362,92.98,4
Mega Hits 2020 - Die Hits des Jahres,"Die grÃ¶ÃŸten Hits und Banger des Jahres 2020 in einer Playlist! Bock auf Mega <a href=""https://www.weihnachtsplaylist.de/?utm_source=spotify&utm_medium=playlistslink&utm_campaign=megahits"">Weihnachts-Hits?</a> ðŸŽ…ðŸŽ„",5T2RHnuyK2sa9R0pleO9yP,Ich wÃ¼rd' lÃ¼gen,47321150,Struggle Is Real (Deluxe Version),KAYEF,,,4hXT6A14n901v8DU5Of337,71,german pop,german r&b,,131719,0,163000,0.772,0.599,6,-7.259,0,0.194,0.0337,0.0,0.0729,0.459,92.018,4
Mega Hits 2020 - Die Hits des Jahres,"Die grÃ¶ÃŸten Hits und Banger des Jahres 2020 in einer Playlist! Bock auf Mega <a href=""https://www.weihnachtsplaylist.de/?utm_source=spotify&utm_medium=playlistslink&utm_campaign=megahits"">Weihnachts-Hits?</a> ðŸŽ…ðŸŽ„",7Ek9e3eIuktIFjpDRQfmHE,Mios mit Bars,39585917,Mios mit Bars,Luciano,,,3CJKkU0XuElRT1z8rEtIYg,63,german drill,german hip hop,,847327,0,232147,0.677,0.633,9,-7.353,0,0.0467,0.111,0.179,0.217,0.404,145.012,4
Mega Hits 2020 - Die Hits des Jahres,"Die grÃ¶ÃŸten Hits und Banger des Jahres 2020 in einer Playlist! Bock auf Mega <a href=""https://www.weihnachtsplaylist.de/?utm_source=spotify&utm_medium=playlistslink&utm_campaign=megahits"">Weihnachts-Hits?</a> ðŸŽ…ðŸŽ„",127QTOFJsJQp5LbJbu3A1y,Toosie Slide,641370480,Toosie Slide,Drake,,,3TVXtAsR1Inumwj472S9r4,85,canadian hip hop,canadian pop,hip hop,51393956,1,247059,0.834,0.454,1,-9.75,0,0.201,0.321,6.15e-06,0.114,0.837,81.618,4
Mega Hits 2020 - Die Hits des Jahres,"Die grÃ¶ÃŸten Hits und Banger des Jahres 2020 in einer Playlist! Bock auf Mega <a href=""https://www.weihnachtsplaylist.de/?utm_source=spotify&utm_medium=playlistslink&utm_campaign=megahits"">Weihnachts-Hits?</a> ðŸŽ…ðŸŽ„",3kwgqoBqTwoAH4nT29TYrq,Nobody's Love,89281288,Nobody's Love,Maroon 5,,,04gDigrS5kc9YWfZHwBETP,79,pop,pop rock,,28345019,0,211254,0.486,0.567,1,-6.456,1,0.0379,0.31,0.0,0.0949,0.154,93.68,4
Mega Hits 2020 - Die Hits des Jahres,"Die grÃ¶ÃŸten Hits und Banger des Jahres 2020 in einer Playlist! Bock auf Mega <a href=""https://www.weihnachtsplaylist.de/?utm_source=spotify&utm_medium=playlistslink&utm_campaign=megahits"">Weihnachts-Hits?</a> ðŸŽ…ðŸŽ„",4R2kfaDFhslZEMJqAFNpdd,cardigan,185543080,folklore,Taylor Swift,,,06HL4z0CvFAxyc27GXpf02,85,pop,,,34615035,0,239560,0.613,0.581,0,-8.588,0,0.0424,0.537,0.000345,0.25,0.551,130.033,4
Mega Hits 2020 - Die Hits des Jahres,"Die grÃ¶ÃŸten Hits und Banger des Jahres 2020 in einer Playlist! Bock auf Mega <a href=""https://www.weihnachtsplaylist.de/?utm_source=spotify&utm_medium=playlistslink&utm_campaign=megahits"">Weihnachts-Hits?</a> ðŸŽ…ðŸŽ„",2jozk0z8f2VISmr83Leyqh,Que Calor,248539028,Music is the Weapon,Major Lazer,J Balvin,El Alfa,738wLrAtLtCtFOLvQBXOXp,68,dance pop,edm,electro house,6108905,0,169998,0.793,0.885,8,-4.136,1,0.0732,0.0373,0.0075,0.248,0.492,126.037,4
Mega Hits 2020 - Die Hits des Jahres,"Die grÃ¶ÃŸten Hits und Banger des Jahres 2020 in einer Playlist! Bock auf Mega <a href=""https://www.weihnachtsplaylist.de/?utm_source=spotify&utm_medium=playlistslink&utm_campaign=megahits"">Weihnachts-Hits?</a> ðŸŽ…ðŸŽ„",14BH4qO7pgCmIe6mgLKOK3,Someone To You,225017005,Empires On Fire,BANNERS,,,4qWnlmXWuGv2TtuxtIWlJX,80,indie poptimism,modern rock,pop,338051,0,219800,0.468,0.936,2,-3.683,1,0.0455,0.00568,0.0,0.24,0.663,75.05,4
Mega Hits 2020 - Die Hits des Jahres,"Die grÃ¶ÃŸten Hits und Banger des Jahres 2020 in einer Playlist! Bock auf Mega <a href=""https://www.weihnachtsplaylist.de/?utm_source=spotify&utm_medium=playlistslink&utm_campaign=megahits"">Weihnachts-Hits?</a> ðŸŽ…ðŸŽ„",7kDUspsoYfLkWnZR7qwHZl,my ex's best friend (with blackbear),158058747,Tickets To My Downfall,Machine Gun Kelly,blackbear,,6TIYQ3jFPwQSRmorSezPxX,88,ohio hip hop,pop rap,,2845201,1,139461,0.731,0.675,5,-5.134,0,0.0434,0.00473,0.0,0.141,0.298,124.939,4
Mega Hits 2020 - Die Hits des Jahres,"Die grÃ¶ÃŸten Hits und Banger des Jahres 2020 in einer Playlist! Bock auf Mega <a href=""https://www.weihnachtsplaylist.de/?utm_source=spotify&utm_medium=playlistslink&utm_campaign=megahits"">Weihnachts-Hits?</a> ðŸŽ…ðŸŽ„",5vTlUUiD93o1zosocNdhWe,Problems,17391921,Love u â€“ to Death,DeathbyRomy,,,7aWpPjjgItUnXljFxYYKZI,33,modern indie pop,,,28342,0,188505,0.761,0.554,0,-4.583,1,0.0432,0.226,0.000232,0.181,0.381,145.015,4
Mega Hits 2020 - Die Hits des Jahres,"Die grÃ¶ÃŸten Hits und Banger des Jahres 2020 in einer Playlist! Bock auf Mega <a href=""https://www.weihnachtsplaylist.de/?utm_source=spotify&utm_medium=playlistslink&utm_campaign=megahits"">Weihnachts-Hits?</a> ðŸŽ…ðŸŽ„",012iHyRvQQquWQGUTYvDxy,Fall Auf,6695177,Fall Auf,Cro,badchieff,,3utZ2yeQk0Z3BCOBWP7Vlu,62,german hip hop,german pop,pop rap,1377322,0,191827,0.5,0.743,2,-6.648,1,0.0373,0.307,2.68e-05,0.133,0.332,166.256,4
Mega Hits 2020 - Die Hits des Jahres,"Die grÃ¶ÃŸten Hits und Banger des Jahres 2020 in einer Playlist! Bock auf Mega <a href=""https://www.weihnachtsplaylist.de/?utm_source=spotify&utm_medium=playlistslink&utm_campaign=megahits"">Weihnachts-Hits?</a> ðŸŽ…ðŸŽ„",7opTGnWVJcm1e5mWWOldpg,F2020,32982170,F2020,Avenue Beat,,,1htYtUdXVMwR6HCSs821Lc,74,social media pop,,,100693,1,181852,0.702,0.597,2,-7.067,1,0.207,0.587,3.62e-06,0.112,0.383,85.016,4
Mega Hits 2020 - Die Hits des Jahres,"Die grÃ¶ÃŸten Hits und Banger des Jahres 2020 in einer Playlist! Bock auf Mega <a href=""https://www.weihnachtsplaylist.de/?utm_source=spotify&utm_medium=playlistslink&utm_campaign=megahits"">Weihnachts-Hits?</a> ðŸŽ…ðŸŽ„",6qAxQhNfM909QrDGLYEocf,FrÃ¼hstÃ¼ck in Paris,35278256,FrÃ¼hstÃ¼ck in Paris,Capital Bra,Cro,,4WZGDpNwrC0vNQyl9QzF7d,71,german hip hop,,,3794269,0,151360,0.744,0.644,8,-5.562,0,0.0641,0.229,0.0,0.204,0.577,96.852,4
Mega Hits 2020 - Die Hits des Jahres,"Die grÃ¶ÃŸten Hits und Banger des Jahres 2020 in einer Playlist! Bock auf Mega <a href=""https://www.weihnachtsplaylist.de/?utm_source=spotify&utm_medium=playlistslink&utm_campaign=megahits"">Weihnachts-Hits?</a> ðŸŽ…ðŸŽ„",1JmDtfiimuwBi0wSlbWXIV,Sweater,3501737,Sweater,Bow Anderson,,,6ObN9YNBliscJOImQp4UZO,51,,,,4805,0,179701,0.548,0.81,2,-4.552,1,0.0422,0.0665,0.0,0.236,0.858,175.87,4
Mega Hits 2020 - Die Hits des Jahres,"Die grÃ¶ÃŸten Hits und Banger des Jahres 2020 in einer Playlist! Bock auf Mega <a href=""https://www.weihnachtsplaylist.de/?utm_source=spotify&utm_medium=playlistslink&utm_campaign=megahits"">Weihnachts-Hits?</a> ðŸŽ…ðŸŽ„",0zUKPlO9tR2leIzzKWim78,Share That Love (feat. G-Eazy),32174967,Share That Love (feat. G-Eazy),Lukas Graham,G-Eazy,,25u4wHJWxCA9vO0CzxAbK7,71,danish pop,pop,scandipop,1747260,1,172399,0.715,0.658,11,-4.304,0,0.106,0.162,0.0,0.0742,0.795,158.024,4
Mega Hits 2020 - Die Hits des Jahres,"Die grÃ¶ÃŸten Hits und Banger des Jahres 2020 in einer Playlist! Bock auf Mega <a href=""https://www.weihnachtsplaylist.de/?utm_source=spotify&utm_medium=playlistslink&utm_campaign=megahits"">Weihnachts-Hits?</a> ðŸŽ…ðŸŽ„",2J4P46vCFm1rPkNkp9pZWX,Ice Cream (with Selena Gomez),223729616,Ice Cream (with Selena Gomez),BLACKPINK,Selena Gomez,,41MozSoPIsD1dJM0CLPjZF,80,k-pop,k-pop girl group,,17400464,0,175813,0.79,0.729,9,-3.843,1,0.334,0.0342,9.31e-05,0.0411,0.904,159.989,4
Mega Hits 2020 - Die Hits des Jahres,"Die grÃ¶ÃŸten Hits und Banger des Jahres 2020 in einer Playlist! Bock auf Mega <a href=""https://www.weihnachtsplaylist.de/?utm_source=spotify&utm_medium=playlistslink&utm_campaign=megahits"">Weihnachts-Hits?</a> ðŸŽ…ðŸŽ„",3W2uQIcP0GvJpZJCFoxGvz,Teardrops,3103657,Teardrops,Aylo,,,5ggr9FUq9cjogKBxQmI2ZO,59,frauenrap,,,13687,0,152500,0.819,0.583,5,-8.451,0,0.253,0.165,9.78e-06,0.115,0.252,98.151,4
Mega Hits 2020 - Die Hits des Jahres,"Die grÃ¶ÃŸten Hits und Banger des Jahres 2020 in einer Playlist! Bock auf Mega <a href=""https://www.weihnachtsplaylist.de/?utm_source=spotify&utm_medium=playlistslink&utm_campaign=megahits"">Weihnachts-Hits?</a> ðŸŽ…ðŸŽ„",2ThsBNtjuUEERqcpXQEoYR,Don't Start Now,1239522719,Future Nostalgia,Dua Lipa,,,6M2wZ9GZgrQXHCFfjv46we,64,dance pop,pop,pop dance,21462668,0,183290,0.795,0.766,11,-5.577,0,0.0987,0.0133,0.0,0.0955,0.642,123.921,4
Mega Hits 2020 - Die Hits des Jahres,"Die grÃ¶ÃŸten Hits und Banger des Jahres 2020 in einer Playlist! Bock auf Mega <a href=""https://www.weihnachtsplaylist.de/?utm_source=spotify&utm_medium=playlistslink&utm_campaign=megahits"">Weihnachts-Hits?</a> ðŸŽ…ðŸŽ„",5hvwx5i67IwnCkjl9VHkNv,Diamonds,104301530,Diamonds,Sam Smith,,,2wY79sveU1sp5g7SokKOiI,87,dance pop,pop,post-teen pop,14700056,0,213869,0.653,0.667,10,-6.764,0,0.0423,0.154,0.0,0.107,0.556,104.181,4
Mega Hits 2020 - Die Hits des Jahres,"Die grÃ¶ÃŸten Hits und Banger des Jahres 2020 in einer Playlist! Bock auf Mega <a href=""https://www.weihnachtsplaylist.de/?utm_source=spotify&utm_medium=playlistslink&utm_campaign=megahits"">Weihnachts-Hits?</a> ðŸŽ…ðŸŽ„",5KCbr5ndeby4y4ggthdiAb,Wonder,160600767,Wonder,Shawn Mendes,,,7n2wHs1TKAczGzO7Dd2rGr,91,canadian pop,dance pop,pop,30455674,0,172693,0.333,0.637,1,-4.904,0,0.0581,0.131,1.8e-05,0.149,0.132,139.898,4
Mega Hits 2020 - Die Hits des Jahres,"Die grÃ¶ÃŸten Hits und Banger des Jahres 2020 in einer Playlist! Bock auf Mega <a href=""https://www.weihnachtsplaylist.de/?utm_source=spotify&utm_medium=playlistslink&utm_campaign=megahits"">Weihnachts-Hits?</a> ðŸŽ…ðŸŽ„",7CH8J4ulT49UfZwSDSkSZA,i miss u (with Au/Ra),24759668,i miss u (with Au/Ra),Jax Jones,Au/Ra,,4Q6nIcaBED8qUel8bBx6Cr,80,dance pop,edm,electro house,837189,0,172143,0.668,0.726,9,-7.512,1,0.0468,0.0387,0.0,0.134,0.453,124.075,4
Mega Hits 2020 - Die Hits des Jahres,"Die grÃ¶ÃŸten Hits und Banger des Jahres 2020 in einer Playlist! Bock auf Mega <a href=""https://www.weihnachtsplaylist.de/?utm_source=spotify&utm_medium=playlistslink&utm_campaign=megahits"">Weihnachts-Hits?</a> ðŸŽ…ðŸŽ„",7dx2BcBcf0OzegEX7AvkGg,Lose Control (with Meduza & Goodboys),nan,Get To Know,MEDUZA,Becky Hill,Goodboys,0xRXCcSX89eobfrshSVdyu,46,edm,pop dance,pop house,349102,0,168387,0.598,0.526,10,-8.659,0,0.0415,0.129,0.0,0.14,0.529,123.935,4
Mega Hits 2020 - Die Hits des Jahres,"Die grÃ¶ÃŸten Hits und Banger des Jahres 2020 in einer Playlist! Bock auf Mega <a href=""https://www.weihnachtsplaylist.de/?utm_source=spotify&utm_medium=playlistslink&utm_campaign=megahits"">Weihnachts-Hits?</a> ðŸŽ…ðŸŽ„",7feeLzB9KdKJ2ha3OvJ0SZ,Running Back To You,8787589,Running Back To You,Martin Jensen,Alle Farben,Nico Santos,4ehtJnVumNf6xzSCDk8aLB,72,dance pop,danish electronic,edm,1013181,0,176796,0.675,0.73,0,-5.982,1,0.0909,0.0669,0.0,0.0686,0.892,102.025,4
Mega Hits 2020 - Die Hits des Jahres,"Die grÃ¶ÃŸten Hits und Banger des Jahres 2020 in einer Playlist! Bock auf Mega <a href=""https://www.weihnachtsplaylist.de/?utm_source=spotify&utm_medium=playlistslink&utm_campaign=megahits"">Weihnachts-Hits?</a> ðŸŽ…ðŸŽ„",35mvY5S1H3J2QZyna3TFe0,positions,290683625,Positions,Ariana Grande,,,66CXWjxzNUsdJxJ2JdwvnR,98,pop,post-teen pop,,54403579,1,172325,0.737,0.802,0,-4.771,1,0.0878,0.468,0.0,0.0931,0.682,144.015,4
Mega Hits 2020 - Die Hits des Jahres,"Die grÃ¶ÃŸten Hits und Banger des Jahres 2020 in einer Playlist! Bock auf Mega <a href=""https://www.weihnachtsplaylist.de/?utm_source=spotify&utm_medium=playlistslink&utm_campaign=megahits"">Weihnachts-Hits?</a> ðŸŽ…ðŸŽ„",5wvuvSerLcNK5Xc8v2duWn,Habibi,10401219,Habibi,Casar,,,7IENU7K9Qq8bd9U4pc5rbt,76,german hip hop,german trap,german underground rap,28721,1,172000,0.887,0.679,6,-6.206,1,0.0741,0.138,0.00667,0.175,0.845,140.034,4
Mega Hits 2020 - Die Hits des Jahres,"Die grÃ¶ÃŸten Hits und Banger des Jahres 2020 in einer Playlist! Bock auf Mega <a href=""https://www.weihnachtsplaylist.de/?utm_source=spotify&utm_medium=playlistslink&utm_campaign=megahits"">Weihnachts-Hits?</a> ðŸŽ…ðŸŽ„",3h05tZDgLYLLD26B8AtvjF,Deine Augen,8790396,Deine Augen,HBz,THOVI,,7I2JG3CcPawkeQPE7uypHJ,60,melbourne bounce international,partyschlager,,53534,0,149784,0.798,0.815,1,-6.989,1,0.115,0.0541,0.00145,0.212,0.312,124.017,4
Mega Hits 2020 - Die Hits des Jahres,"Die grÃ¶ÃŸten Hits und Banger des Jahres 2020 in einer Playlist! Bock auf Mega <a href=""https://www.weihnachtsplaylist.de/?utm_source=spotify&utm_medium=playlistslink&utm_campaign=megahits"">Weihnachts-Hits?</a> ðŸŽ…ðŸŽ„",19LqJBBfd73oeBc3CPgDdl,Lost (feat. TOPIC42),5455357,Lost (feat. TOPIC42),Samra,TOPIC42,,6h1s4i4XKIYv4ErDelLDN0,77,german hip hop,,,913159,1,140027,0.658,0.843,10,-2.912,0,0.13,0.0475,1.87e-05,0.136,0.339,93.23,4
Mega Hits 2020 - Die Hits des Jahres,"Die grÃ¶ÃŸten Hits und Banger des Jahres 2020 in einer Playlist! Bock auf Mega <a href=""https://www.weihnachtsplaylist.de/?utm_source=spotify&utm_medium=playlistslink&utm_campaign=megahits"">Weihnachts-Hits?</a> ðŸŽ…ðŸŽ„",5dhQeuLGmlhfwlI6BWfSpo,Roller,236544255,Roller,Apache 207,,,1qQLhymHXFPtP5U8KNKsm6,68,german hip hop,,,1329279,1,158853,0.928,0.758,10,-6.471,0,0.144,0.03,0.00437,0.29,0.729,128.005,4
Mega Hits 2020 - Die Hits des Jahres,"Die grÃ¶ÃŸten Hits und Banger des Jahres 2020 in einer Playlist! Bock auf Mega <a href=""https://www.weihnachtsplaylist.de/?utm_source=spotify&utm_medium=playlistslink&utm_campaign=megahits"">Weihnachts-Hits?</a> ðŸŽ…ðŸŽ„",3mRlFZHUyvJbPTlkzg4LyJ,Roses,1088825454,Collection One,SAINt JHN,,,0H39MdGGX6dbnnQPt6NQkZ,71,melodic rap,rap,,601826,1,173611,0.782,0.5,5,-6.473,0,0.0611,0.342,1.88e-05,0.133,0.28,102.008,4
Mega Hits 2020 - Die Hits des Jahres,"Die grÃ¶ÃŸten Hits und Banger des Jahres 2020 in einer Playlist! Bock auf Mega <a href=""https://www.weihnachtsplaylist.de/?utm_source=spotify&utm_medium=playlistslink&utm_campaign=megahits"">Weihnachts-Hits?</a> ðŸŽ…ðŸŽ„",2XU0oxnq2qxCpomAAuJY8K,Dance Monkey,1995023641,Dance Monkey (Stripped Back) / Dance Monkey,Tones And I,,,2NjfBq1NflQcKSeiDooVjY,90,australian pop,,,2441375,0,209438,0.824,0.588,6,-6.4,0,0.0924,0.692,0.000104,0.149,0.513,98.027,4
Mega Hits 2020 - Die Hits des Jahres,"Die grÃ¶ÃŸten Hits und Banger des Jahres 2020 in einer Playlist! Bock auf Mega <a href=""https://www.weihnachtsplaylist.de/?utm_source=spotify&utm_medium=playlistslink&utm_campaign=megahits"">Weihnachts-Hits?</a> ðŸŽ…ðŸŽ„",4poybupy26pTWPr9zY1i7h,Some Say,197253538,Some Say,Nea,,,7nqlScm2smydSRl13eaP8E,78,scandipop,swedish pop,tropical house,31084,0,175602,0.779,0.342,3,-6.316,0,0.0404,0.701,2.56e-06,0.132,0.482,104.993,4
Mega Hits 2020 - Die Hits des Jahres,"Die grÃ¶ÃŸten Hits und Banger des Jahres 2020 in einer Playlist! Bock auf Mega <a href=""https://www.weihnachtsplaylist.de/?utm_source=spotify&utm_medium=playlistslink&utm_campaign=megahits"">Weihnachts-Hits?</a> ðŸŽ…ðŸŽ„",61ZM92T2zaXIVsqncThQzC,In Your Eyes (feat. Alida),198265256,In Your Eyes (feat. Alida),Robin Schulz,Alida,,3t5xRXzsuZmMDkQzgOX35S,81,dance pop,deep euro house,deep house,2570201,0,208222,0.57,0.672,8,-5.89,0,0.0723,0.177,0.0,0.0768,0.448,120.019,4
Mega Hits 2020 - Die Hits des Jahres,"Die grÃ¶ÃŸten Hits und Banger des Jahres 2020 in einer Playlist! Bock auf Mega <a href=""https://www.weihnachtsplaylist.de/?utm_source=spotify&utm_medium=playlistslink&utm_campaign=megahits"">Weihnachts-Hits?</a> ðŸŽ…ðŸŽ„",2tnVG71enUj33Ic2nFN6kZ,Ride It,697874349,Ride It,Regard,,,4ofCBoyEiGSePFAG500xev,88,edm,pop dance,pop edm,110394,0,157606,0.88,0.751,7,-4.258,0,0.0874,0.177,6.43e-05,0.106,0.884,117.948,4
Mega Hits 2020 - Die Hits des Jahres,"Die grÃ¶ÃŸten Hits und Banger des Jahres 2020 in einer Playlist! Bock auf Mega <a href=""https://www.weihnachtsplaylist.de/?utm_source=spotify&utm_medium=playlistslink&utm_campaign=megahits"">Weihnachts-Hits?</a> ðŸŽ…ðŸŽ„",6lU4BQWZomCWRfKSowfezE,Emotions,40811481,Rich Rich,Ufo361,,,5pVRwX5ZQR7hfJ18w8ZYkl,70,german cloud rap,german hip hop,,1575103,0,146013,0.814,0.459,8,-10.859,1,0.282,0.351,0.0165,0.107,0.211,131.518,5
Mega Hits 2020 - Die Hits des Jahres,"Die grÃ¶ÃŸten Hits und Banger des Jahres 2020 in einer Playlist! Bock auf Mega <a href=""https://www.weihnachtsplaylist.de/?utm_source=spotify&utm_medium=playlistslink&utm_campaign=megahits"">Weihnachts-Hits?</a> ðŸŽ…ðŸŽ„",1NP7bzm8UksJUWXsuFoOwE,Ãœbermorgen,42094559,Ãœbermorgen,Mark Forster,,,7qXzy6c5RWT0XlVQcOBIDG,74,german pop,,,1864814,0,163275,0.583,0.829,6,-4.715,1,0.103,0.0218,0.0,0.137,0.393,183.975,4
Mega Hits 2020 - Die Hits des Jahres,"Die grÃ¶ÃŸten Hits und Banger des Jahres 2020 in einer Playlist! Bock auf Mega <a href=""https://www.weihnachtsplaylist.de/?utm_source=spotify&utm_medium=playlistslink&utm_campaign=megahits"">Weihnachts-Hits?</a> ðŸŽ…ðŸŽ„",7a53HqqArd4b9NF4XAmlbI,Kings & Queens,322378209,Heaven & Hell,Ava Max,,,4npEfmQ6YuiwW1GpUmaq3F,84,dance pop,pop,,2621006,0,162399,0.637,0.69,1,-4.057,0,0.0405,0.00786,0.0,0.124,0.457,129.857,4
Mega Hits 2020 - Die Hits des Jahres,"Die grÃ¶ÃŸten Hits und Banger des Jahres 2020 in einer Playlist! Bock auf Mega <a href=""https://www.weihnachtsplaylist.de/?utm_source=spotify&utm_medium=playlistslink&utm_campaign=megahits"">Weihnachts-Hits?</a> ðŸŽ…ðŸŽ„",0Je3J2ml1lrnTLXXIlxrvR,Never Let Me Down,110964860,Never Let Me Down,VIZE,Tom Gregory,,09agIJMxCD2k87ys9Al0f0,76,german dance,pop dance,tropical house,77966,0,153149,0.758,0.848,10,-3.84,1,0.0456,0.207,0.0,0.114,0.706,127.948,4
Mega Hits 2020 - Die Hits des Jahres,"Die grÃ¶ÃŸten Hits und Banger des Jahres 2020 in einer Playlist! Bock auf Mega <a href=""https://www.weihnachtsplaylist.de/?utm_source=spotify&utm_medium=playlistslink&utm_campaign=megahits"">Weihnachts-Hits?</a> ðŸŽ…ðŸŽ„",1xQ6trAsedVPCdbtDAmk0c,Savage Love (Laxed - Siren Beat),599752581,Savage Love (Laxed - Siren Beat),Jawsh 685,Jason Derulo,,56mfhUDKa1vec6rSLZV5Eg,90,nz pop,,,61879,1,171375,0.767,0.481,0,-8.52,0,0.0803,0.234,0.0,0.269,0.761,150.076,4
Mega Hits 2020 - Die Hits des Jahres,"Die grÃ¶ÃŸten Hits und Banger des Jahres 2020 in einer Playlist! Bock auf Mega <a href=""https://www.weihnachtsplaylist.de/?utm_source=spotify&utm_medium=playlistslink&utm_campaign=megahits"">Weihnachts-Hits?</a> ðŸŽ…ðŸŽ„",0nbXyq5TXYPCO7pr3N8S4I,The Box,1091144338,Please Excuse Me For Being Antisocial,Roddy Ricch,,,757aE44tKEUQEqRuT6GnEB,90,melodic rap,rap,trap,5020976,1,196653,0.896,0.586,10,-6.687,0,0.0559,0.104,0.0,0.79,0.642,116.971,4
Mega Hits 2020 - Die Hits des Jahres,"Die grÃ¶ÃŸten Hits und Banger des Jahres 2020 in einer Playlist! Bock auf Mega <a href=""https://www.weihnachtsplaylist.de/?utm_source=spotify&utm_medium=playlistslink&utm_campaign=megahits"">Weihnachts-Hits?</a> ðŸŽ…ðŸŽ„",5sdQ7VUx6GOfsRoSxnK1YG,110,132839562,110,Capital Bra,Samra,LEA,4WZGDpNwrC0vNQyl9QzF7d,68,german hip hop,,,3794269,1,194534,0.48,0.749,1,-5.057,0,0.432,0.533,0.0,0.0997,0.419,179.056,4
Mega Hits 2020 - Die Hits des Jahres,"Die grÃ¶ÃŸten Hits und Banger des Jahres 2020 in einer Playlist! Bock auf Mega <a href=""https://www.weihnachtsplaylist.de/?utm_source=spotify&utm_medium=playlistslink&utm_campaign=megahits"">Weihnachts-Hits?</a> ðŸŽ…ðŸŽ„",4TnjEaWOeW0eKTKIEvJyCa,Falling,953056775,Falling,Trevor Daniel,,,7uaIm6Pw7xplS8Dy06V6pT,87,alternative r&b,melodic rap,pop rap,529365,0,159382,0.785,0.431,10,-8.756,0,0.0364,0.123,0.0,0.0887,0.236,127.085,4
Mega Hits 2020 - Die Hits des Jahres,"Die grÃ¶ÃŸten Hits und Banger des Jahres 2020 in einer Playlist! Bock auf Mega <a href=""https://www.weihnachtsplaylist.de/?utm_source=spotify&utm_medium=playlistslink&utm_campaign=megahits"">Weihnachts-Hits?</a> ðŸŽ…ðŸŽ„",6UelLqGlWMcVH1E5c4H7lY,Watermelon Sugar,946919578,Fine Line,Harry Styles,,,6KImCVD70vtIoJWnq6nGn3,93,pop,post-teen pop,,11242932,0,174000,0.548,0.816,0,-4.209,1,0.0465,0.122,0.0,0.335,0.557,95.39,4
Mega Hits 2020 - Die Hits des Jahres,"Die grÃ¶ÃŸten Hits und Banger des Jahres 2020 in einer Playlist! Bock auf Mega <a href=""https://www.weihnachtsplaylist.de/?utm_source=spotify&utm_medium=playlistslink&utm_campaign=megahits"">Weihnachts-Hits?</a> ðŸŽ…ðŸŽ„",6TQoEFRotAWkQcUs5CZVwB,WO SOLLN WIR HINGEHN,15159,WO SOLLN WIR HINGEHN,FASO,Peter Plate,,6rv2wWwK3y1NL4K8BQ84kt,32,,,,436,0,237237,0.615,0.827,5,-3.665,1,0.0454,0.0143,0.0,0.0915,0.458,75.995,4
Mega Hits 2020 - Die Hits des Jahres,"Die grÃ¶ÃŸten Hits und Banger des Jahres 2020 in einer Playlist! Bock auf Mega <a href=""https://www.weihnachtsplaylist.de/?utm_source=spotify&utm_medium=playlistslink&utm_campaign=megahits"">Weihnachts-Hits?</a> ðŸŽ…ðŸŽ„",6i7zAdNhzUN2k1HcrBxPHG,Head Shoulders Knees & Toes (feat. Norma Jean Martine),116469356,Head Shoulders Knees & Toes (feat. Norma Jean Martine),Ofenbach,Quarterhead,Norma Jean Martine,4AKwRarlmsUlLjIwt38NLw,85,new french touch,pop dance,tropical house,371146,0,156960,0.798,0.828,2,-5.36,1,0.193,0.0247,2.55e-06,0.121,0.6,124.962,4
Mega Hits 2020 - Die Hits des Jahres,"Die grÃ¶ÃŸten Hits und Banger des Jahres 2020 in einer Playlist! Bock auf Mega <a href=""https://www.weihnachtsplaylist.de/?utm_source=spotify&utm_medium=playlistslink&utm_campaign=megahits"">Weihnachts-Hits?</a> ðŸŽ…ðŸŽ„",5yY9lUy8nbvjM1Uyo1Uqoc,Life Is Good (feat. Drake),612824748,Life Is Good (feat. Drake),Future,Drake,,1RyvyyTE3xzB2ZywiAwp0i,86,atl hip hop,pop rap,rap,9618302,1,237735,0.676,0.609,2,-5.831,0,0.481,0.0706,0.0,0.152,0.508,142.037,4
Mega Hits 2020 - Die Hits des Jahres,"Die grÃ¶ÃŸten Hits und Banger des Jahres 2020 in einer Playlist! Bock auf Mega <a href=""https://www.weihnachtsplaylist.de/?utm_source=spotify&utm_medium=playlistslink&utm_campaign=megahits"">Weihnachts-Hits?</a> ðŸŽ…ðŸŽ„",4vaX8KIjBXs77lQJFU5BOu,Goosebumps,2054293,Goosebumps EP,Bastille,Kenny Beats,,7EQ0qTo7fWT7DPxmxtSYEc,69,metropopolis,modern rock,pop,4572681,1,167693,0.651,0.606,6,-6.107,0,0.0392,0.0708,0.00183,0.328,0.781,78.007,4
Mega Hits 2020 - Die Hits des Jahres,"Die grÃ¶ÃŸten Hits und Banger des Jahres 2020 in einer Playlist! Bock auf Mega <a href=""https://www.weihnachtsplaylist.de/?utm_source=spotify&utm_medium=playlistslink&utm_campaign=megahits"">Weihnachts-Hits?</a> ðŸŽ…ðŸŽ„",1bObrsJGW0UCIGZkvnDqbe,Stop This Flame,27078202,Stop This Flame,Celeste,,,49HlOY4gkHqsYG9GCuhkcc,67,british soul,neo soul,,134940,0,209408,0.752,0.702,10,-4.927,0,0.0378,0.296,0.0,0.103,0.324,119.987,4
Mega Hits 2020 - Die Hits des Jahres,"Die grÃ¶ÃŸten Hits und Banger des Jahres 2020 in einer Playlist! Bock auf Mega <a href=""https://www.weihnachtsplaylist.de/?utm_source=spotify&utm_medium=playlistslink&utm_campaign=megahits"">Weihnachts-Hits?</a> ðŸŽ…ðŸŽ„",3uVPLtkmDu8pDkYEAVqbgS,Real Shit (with benny blanco),19900130,Real Shit (with benny blanco),Juice WRLD,benny blanco,,4MCBfE4596Uoi2O4DtmEMz,85,chicago rap,melodic rap,,14141093,1,183783,0.703,0.703,1,-4.672,1,0.133,0.605,0.0,0.12,0.697,76.017,4
Mega Hits 2020 - Die Hits des Jahres,"Die grÃ¶ÃŸten Hits und Banger des Jahres 2020 in einer Playlist! Bock auf Mega <a href=""https://www.weihnachtsplaylist.de/?utm_source=spotify&utm_medium=playlistslink&utm_campaign=megahits"">Weihnachts-Hits?</a> ðŸŽ…ðŸŽ„",6eVxH9Kyanzrw636zJRPcw,Errbody,10762527,Errbody,Lil Baby,,,5f7VJjfbwm532GiveGC0ZK,81,atl hip hop,atl trap,rap,5687650,1,210699,0.887,0.606,2,-6.572,1,0.324,0.000407,0.0,0.151,0.272,139.995,4
Mega Hits 2020 - Die Hits des Jahres,"Die grÃ¶ÃŸten Hits und Banger des Jahres 2020 in einer Playlist! Bock auf Mega <a href=""https://www.weihnachtsplaylist.de/?utm_source=spotify&utm_medium=playlistslink&utm_campaign=megahits"">Weihnachts-Hits?</a> ðŸŽ…ðŸŽ„",2Tk3MFO6GePBiDFI0VesDF,acting like that (feat. Machine Gun Kelly),7444167,acting like that (feat. Machine Gun Kelly),YUNGBLUD,Machine Gun Kelly,,6Ad91Jof8Niiw0lGLLi3NW,53,british indie rock,modern rock,rock,1306568,0,191081,0.523,0.893,8,-2.78,1,0.075,7.71e-05,0.0,0.27,0.561,160.004,4
Mega Hits 2020 - Die Hits des Jahres,"Die grÃ¶ÃŸten Hits und Banger des Jahres 2020 in einer Playlist! Bock auf Mega <a href=""https://www.weihnachtsplaylist.de/?utm_source=spotify&utm_medium=playlistslink&utm_campaign=megahits"">Weihnachts-Hits?</a> ðŸŽ…ðŸŽ„",1LaSuvCbVB87ANKGfjUTbh,Arcade (feat. FLETCHER),2871249,Arcade (feat. FLETCHER),Duncan Laurence,FLETCHER,,3klZnJvYGIbWritVwQD434,62,dutch pop,,,110720,0,187453,0.446,0.395,0,-9.328,1,0.0365,0.815,0.00216,0.128,0.267,71.944,3
Mega Hits 2020 - Die Hits des Jahres,"Die grÃ¶ÃŸten Hits und Banger des Jahres 2020 in einer Playlist! Bock auf Mega <a href=""https://www.weihnachtsplaylist.de/?utm_source=spotify&utm_medium=playlistslink&utm_campaign=megahits"">Weihnachts-Hits?</a> ðŸŽ…ðŸŽ„",6Et7bBOxtMxcCa7MyjKpr3,Brotherâ€™s Keeper,nan,My Brotherâ€™s Keeper (Long Live G),DaBaby,,,4r63FhuTkUYltbVAg5TQnk,70,north carolina hip hop,rap,,5185479,1,126859,0.751,0.678,1,-5.956,0,0.357,0.189,0.0,0.51,0.782,154.896,4
Mega Hits 2020 - Die Hits des Jahres,"Die grÃ¶ÃŸten Hits und Banger des Jahres 2020 in einer Playlist! Bock auf Mega <a href=""https://www.weihnachtsplaylist.de/?utm_source=spotify&utm_medium=playlistslink&utm_campaign=megahits"">Weihnachts-Hits?</a> ðŸŽ…ðŸŽ„",02MWAaffLxlfxAUY7c5dvx,Heat Waves,70581747,Dreamland (+ Bonus Levels),Glass Animals,,,4yvcSjfu4PC0CYQyLy4wSq,74,gauze pop,indietronica,shiver pop,1402043,0,238805,0.761,0.525,11,-6.9,1,0.0944,0.44,6.7e-06,0.0921,0.531,80.87,4
Mega Hits 2020 - Die Hits des Jahres,"Die grÃ¶ÃŸten Hits und Banger des Jahres 2020 in einer Playlist! Bock auf Mega <a href=""https://www.weihnachtsplaylist.de/?utm_source=spotify&utm_medium=playlistslink&utm_campaign=megahits"">Weihnachts-Hits?</a> ðŸŽ…ðŸŽ„",0F9AHUzzvk7pLxC4Xi3p1t,Supernova,8058054,18,badmÃ³mzjay,,,7oWrEQO1d3klp0Qrfh7a5h,69,frauenrap,german drill,german hip hop,113107,0,192829,0.461,0.479,9,-10.207,1,0.0644,0.248,0.101,0.145,0.0654,138.958,4
Mega Hits 2020 - Die Hits des Jahres,"Die grÃ¶ÃŸten Hits und Banger des Jahres 2020 in einer Playlist! Bock auf Mega <a href=""https://www.weihnachtsplaylist.de/?utm_source=spotify&utm_medium=playlistslink&utm_campaign=megahits"">Weihnachts-Hits?</a> ðŸŽ…ðŸŽ„",4esyKRHqA3E57OuXm8U8Mu,Am I The Only One (with Astrid S & HRVY),nan,Am I The Only One (with Astrid S & HRVY),R3HAB,Astrid S,HRVY,6cEuCEZu7PAE9ZSzLLc2oQ,63,big room,dance pop,dutch house,2102381,0,152143,0.722,0.595,9,-7.744,1,0.057,0.406,1.48e-06,0.0926,0.444,139.899,4
Mega Hits 2020 - Die Hits des Jahres,"Die grÃ¶ÃŸten Hits und Banger des Jahres 2020 in einer Playlist! Bock auf Mega <a href=""https://www.weihnachtsplaylist.de/?utm_source=spotify&utm_medium=playlistslink&utm_campaign=megahits"">Weihnachts-Hits?</a> ðŸŽ…ðŸŽ„",223gXTYJZGuTDsKuiqOSff,Another Day In Paradise,818375,Another Day In Paradise,GestÃ¶rt aber GeiL,,,7KAGJwWQQui8b0uqwXRkSr,56,german dance,german pop,partyschlager,403826,0,188262,0.835,0.836,5,-5.949,0,0.0509,0.0581,0.000533,0.305,0.853,125.0,4
Mega Hits 2020 - Die Hits des Jahres,"Die grÃ¶ÃŸten Hits und Banger des Jahres 2020 in einer Playlist! Bock auf Mega <a href=""https://www.weihnachtsplaylist.de/?utm_source=spotify&utm_medium=playlistslink&utm_campaign=megahits"">Weihnachts-Hits?</a> ðŸŽ…ðŸŽ„",7hxHWCCAIIxFLCzvDgnQHX,"Lemonade (feat. Gunna, Don Toliver & NAV)",439946788,B4 The Storm,Internet Money,Gunna,Don Toliver,6MPCFvOQv5cIGfw3jODMF0,90,pop rap,rap,trap,183726,1,195429,0.8,0.658,1,-6.142,0,0.079,0.25,0.0,0.111,0.462,140.042,4
Mega Hits 2020 - Die Hits des Jahres,"Die grÃ¶ÃŸten Hits und Banger des Jahres 2020 in einer Playlist! Bock auf Mega <a href=""https://www.weihnachtsplaylist.de/?utm_source=spotify&utm_medium=playlistslink&utm_campaign=megahits"">Weihnachts-Hits?</a> ðŸŽ…ðŸŽ„",3foWaxM2tcZD91WcOLFqch,cotton candy,13162319,cotton candy,YUNGBLUD,,,6Ad91Jof8Niiw0lGLLi3NW,49,british indie rock,modern rock,rock,1306568,0,167365,0.633,0.93,9,-3.262,1,0.0748,0.0104,0.0,0.0866,0.701,124.041,4
Mega Hits 2020 - Die Hits des Jahres,"Die grÃ¶ÃŸten Hits und Banger des Jahres 2020 in einer Playlist! Bock auf Mega <a href=""https://www.weihnachtsplaylist.de/?utm_source=spotify&utm_medium=playlistslink&utm_campaign=megahits"">Weihnachts-Hits?</a> ðŸŽ…ðŸŽ„",7Cv3tkzMpKp7xOZ6FX6Fk7,Nothing To Lose,2132389,Dance Club 2020.02,ToTheMoon,Nico Santos,,20ZUOewlSW8L3sAvhZEd9m,28,german r&b,,,1618,0,167027,0.575,0.722,10,-6.637,0,0.0431,0.00992,0.0,0.586,0.445,109.911,4
Mega Hits 2020 - Die Hits des Jahres,"Die grÃ¶ÃŸten Hits und Banger des Jahres 2020 in einer Playlist! Bock auf Mega <a href=""https://www.weihnachtsplaylist.de/?utm_source=spotify&utm_medium=playlistslink&utm_campaign=megahits"">Weihnachts-Hits?</a> ðŸŽ…ðŸŽ„",1Mu0qs9DQ8OfhiPvHxZMMM,Why Do You Lie To Me (feat. Lil Baby),31444527,Why Do You Lie To Me (feat. Lil Baby),Topic,A7S,Lil Baby,0u6GtibW46tFX7koQ6uNJZ,77,dance pop,edm,german dance,113929,1,171291,0.65,0.738,4,-6.46,0,0.158,0.0539,0.0,0.206,0.336,119.827,4
Mega Hits 2020 - Die Hits des Jahres,"Die grÃ¶ÃŸten Hits und Banger des Jahres 2020 in einer Playlist! Bock auf Mega <a href=""https://www.weihnachtsplaylist.de/?utm_source=spotify&utm_medium=playlistslink&utm_campaign=megahits"">Weihnachts-Hits?</a> ðŸŽ…ðŸŽ„",0y9fkzOaaQy4Up22BGUbIp,Backyard Boy,68986054,BeVerly Hills BoYfRiEnd,Claire Rosinkranz,,,3V0ZQW0dNuVaFtbVYgSI24,40,modern indie pop,pop,,85190,0,129241,0.819,0.642,5,-7.037,1,0.189,0.336,0.0,0.0735,0.452,138.026,4
Mega Hits 2020 - Die Hits des Jahres,"Die grÃ¶ÃŸten Hits und Banger des Jahres 2020 in einer Playlist! Bock auf Mega <a href=""https://www.weihnachtsplaylist.de/?utm_source=spotify&utm_medium=playlistslink&utm_campaign=megahits"">Weihnachts-Hits?</a> ðŸŽ…ðŸŽ„",530sGWWlefN6YmGtBOPPME,Dolly Song (Devil's Cup),nan,Dolly Song (Devil's Cup),VIZE,Leony,,09agIJMxCD2k87ys9Al0f0,69,german dance,pop dance,tropical house,77966,0,157946,0.815,0.872,9,-4.243,1,0.111,0.421,0.0,0.109,0.512,115.028,4
Mega Hits 2020 - Die Hits des Jahres,"Die grÃ¶ÃŸten Hits und Banger des Jahres 2020 in einer Playlist! Bock auf Mega <a href=""https://www.weihnachtsplaylist.de/?utm_source=spotify&utm_medium=playlistslink&utm_campaign=megahits"">Weihnachts-Hits?</a> ðŸŽ…ðŸŽ„",0EhpEsp4L0oRGM0vmeaN5e,UN DIA (ONE DAY) (Feat. Tainy),306608501,UN DIA (ONE DAY) (Feat. Tainy),J Balvin,Tainy,Dua Lipa,1vyhD5VmyZ7KMfW5gqLgo5,92,latin,reggaeton,reggaeton colombiano,24680129,0,232253,0.571,0.693,6,-8.234,0,0.0545,0.00536,0.0,0.173,0.393,168.169,4
Mega Hits 2020 - Die Hits des Jahres,"Die grÃ¶ÃŸten Hits und Banger des Jahres 2020 in einer Playlist! Bock auf Mega <a href=""https://www.weihnachtsplaylist.de/?utm_source=spotify&utm_medium=playlistslink&utm_campaign=megahits"">Weihnachts-Hits?</a> ðŸŽ…ðŸŽ„",6IiCb4PCrDgqLuDWgHhFi7,Inside Out (feat. Griff),10188080,Inside Out (feat. Griff),Zedd,Griff,,2qxJFvFYMEDqd7ui6kSAcq,74,complextro,dance pop,edm,5272634,0,186245,0.64,0.683,2,-4.309,1,0.0434,0.169,0.0,0.109,0.4,146.058,4
Mega Hits 2020 - Die Hits des Jahres,"Die grÃ¶ÃŸten Hits und Banger des Jahres 2020 in einer Playlist! Bock auf Mega <a href=""https://www.weihnachtsplaylist.de/?utm_source=spotify&utm_medium=playlistslink&utm_campaign=megahits"">Weihnachts-Hits?</a> ðŸŽ…ðŸŽ„",0ZXdzaT1k688dkpNeEgQiV,I Don't Know Why,43911596,I Don't Know Why,NOTD,Astrid S,,5jAMCwdNHWr7JThxtMuEyy,76,dance pop,edm,electro house,160401,0,207668,0.499,0.898,8,-4.181,0,0.124,0.124,7.2e-06,0.0832,0.618,120.04,4
Mega Hits 2020 - Die Hits des Jahres,"Die grÃ¶ÃŸten Hits und Banger des Jahres 2020 in einer Playlist! Bock auf Mega <a href=""https://www.weihnachtsplaylist.de/?utm_source=spotify&utm_medium=playlistslink&utm_campaign=megahits"">Weihnachts-Hits?</a> ðŸŽ…ðŸŽ„",7HWetAoWK9qkFM575HONAY,Lonely (with benny blanco),199520842,Lonely (with benny blanco),Justin Bieber,benny blanco,,1uNFoZAHBGtllmzznpCI3s,70,canadian pop,pop,post-teen pop,40434377,0,149297,0.631,0.226,11,-7.257,0,0.0396,0.879,0.0,0.115,0.0765,79.968,4
Mega Hits 2020 - Die Hits des Jahres,"Die grÃ¶ÃŸten Hits und Banger des Jahres 2020 in einer Playlist! Bock auf Mega <a href=""https://www.weihnachtsplaylist.de/?utm_source=spotify&utm_medium=playlistslink&utm_campaign=megahits"">Weihnachts-Hits?</a> ðŸŽ…ðŸŽ„",1sgDyuLooyvEML4oHspNza,Lose Somebody,215283211,Golden Hour,Kygo,OneRepublic,,23fqKkggKUBHNkbKtXEls4,76,edm,pop,pop dance,6978859,0,199549,0.58,0.586,1,-6.883,1,0.0357,0.344,0.0,0.0755,0.507,147.988,4
Mega Hits 2020 - Die Hits des Jahres,"Die grÃ¶ÃŸten Hits und Banger des Jahres 2020 in einer Playlist! Bock auf Mega <a href=""https://www.weihnachtsplaylist.de/?utm_source=spotify&utm_medium=playlistslink&utm_campaign=megahits"">Weihnachts-Hits?</a> ðŸŽ…ðŸŽ„",48xPlyqrp76RSwJirihTHo,Sun Is Shining,15276040,Sun Is Shining,Bob Marley & The Wailers,Robin Schulz,,2QsynagSdAqZj3U9HgDzjD,66,reggae,roots reggae,,8919997,0,185000,0.663,0.844,4,-4.88,0,0.255,0.00828,0.00168,0.236,0.638,124.006,4
Mega Hits 2020 - Die Hits des Jahres,"Die grÃ¶ÃŸten Hits und Banger des Jahres 2020 in einer Playlist! Bock auf Mega <a href=""https://www.weihnachtsplaylist.de/?utm_source=spotify&utm_medium=playlistslink&utm_campaign=megahits"">Weihnachts-Hits?</a> ðŸŽ…ðŸŽ„",7cLrrJ1Dk6WAQyDIj9j26A,Cry About It Later,nan,Smile,Katy Perry,,,6jJ0s89eD6GaHleKKya26X,64,dance pop,pop,pop dance,16873256,0,189773,0.699,0.669,2,-5.829,0,0.0712,0.0794,1.71e-05,0.248,0.444,125.994,4
Mega Hits 2020 - Die Hits des Jahres,"Die grÃ¶ÃŸten Hits und Banger des Jahres 2020 in einer Playlist! Bock auf Mega <a href=""https://www.weihnachtsplaylist.de/?utm_source=spotify&utm_medium=playlistslink&utm_campaign=megahits"">Weihnachts-Hits?</a> ðŸŽ…ðŸŽ„",5Z0AM9HW78XIyZqF2BPasr,Bitter,42266668,Bitter,FLETCHER,Kito,,5qa31A9HySw3T7MKWI9bGg,78,dance pop,electropop,indie cafe pop,367373,1,194750,0.724,0.594,6,-7.126,0,0.102,0.393,0.00116,0.0889,0.413,136.002,4
Mega Hits 2020 - Die Hits des Jahres,"Die grÃ¶ÃŸten Hits und Banger des Jahres 2020 in einer Playlist! Bock auf Mega <a href=""https://www.weihnachtsplaylist.de/?utm_source=spotify&utm_medium=playlistslink&utm_campaign=megahits"">Weihnachts-Hits?</a> ðŸŽ…ðŸŽ„",2Fxmhks0bxGSBdJ92vM42m,bad guy,1626763529,"WHEN WE ALL FALL ASLEEP, WHERE DO WE GO?",Billie Eilish,,,6qqNVTkY8uBg9cP3Jd7DAH,89,electropop,pop,,36475700,0,194088,0.701,0.425,7,-10.965,1,0.375,0.328,0.13,0.1,0.562,135.128,4
Mega Hits 2020 - Die Hits des Jahres,"Die grÃ¶ÃŸten Hits und Banger des Jahres 2020 in einer Playlist! Bock auf Mega <a href=""https://www.weihnachtsplaylist.de/?utm_source=spotify&utm_medium=playlistslink&utm_campaign=megahits"">Weihnachts-Hits?</a> ðŸŽ…ðŸŽ„",3tjFYV6RSFtuktYl3ZtYcq,Mood (feat. iann dior),625172199,Mood (feat. iann dior),24kGoldn,iann dior,,6fWVd57NKTalqvmjRd2t8Z,99,cali rap,,,602563,1,140526,0.7,0.722,7,-3.558,0,0.0369,0.221,0.0,0.272,0.756,90.989,4
Mega Hits 2020 - Die Hits des Jahres,"Die grÃ¶ÃŸten Hits und Banger des Jahres 2020 in einer Playlist! Bock auf Mega <a href=""https://www.weihnachtsplaylist.de/?utm_source=spotify&utm_medium=playlistslink&utm_campaign=megahits"">Weihnachts-Hits?</a> ðŸŽ…ðŸŽ„",4Oun2ylbjFKMPTiaSbbCih,WAP (feat. Megan Thee Stallion),577139733,WAP (feat. Megan Thee Stallion),Cardi B,Megan Thee Stallion,,4kYSro6naA4h99UJvo89HB,95,dance pop,pop,pop rap,13573510,1,187541,0.935,0.454,1,-7.509,1,0.375,0.0194,0.0,0.0824,0.357,133.073,4
Mega Hits 2020 - Die Hits des Jahres,"Die grÃ¶ÃŸten Hits und Banger des Jahres 2020 in einer Playlist! Bock auf Mega <a href=""https://www.weihnachtsplaylist.de/?utm_source=spotify&utm_medium=playlistslink&utm_campaign=megahits"">Weihnachts-Hits?</a> ðŸŽ…ðŸŽ„",4n0Ke1KJsPHvd7xRoU29E2,H <3 T E L,42389807,H <3 T E L,Dardan,Monet192,,3pjq2pDV9RR6VY55wBjVnp,64,albanian hip hop,german hip hop,,829830,0,164000,0.673,0.647,1,-6.95,0,0.102,0.0642,0.000114,0.113,0.549,134.616,4
Mega Hits 2020 - Die Hits des Jahres,"Die grÃ¶ÃŸten Hits und Banger des Jahres 2020 in einer Playlist! Bock auf Mega <a href=""https://www.weihnachtsplaylist.de/?utm_source=spotify&utm_medium=playlistslink&utm_campaign=megahits"">Weihnachts-Hits?</a> ðŸŽ…ðŸŽ„",6cx06DFPPHchuUAcTxznu9,Head & Heart (feat. MNEK),370303132,Head & Heart (feat. MNEK),Joel Corry,MNEK,,6DgP9otnZw5z6daOntINxp,93,dance pop,house,pop,127128,0,166028,0.734,0.874,8,-3.158,1,0.0662,0.168,1.14e-05,0.0489,0.905,122.953,4
Mega Hits 2020 - Die Hits des Jahres,"Die grÃ¶ÃŸten Hits und Banger des Jahres 2020 in einer Playlist! Bock auf Mega <a href=""https://www.weihnachtsplaylist.de/?utm_source=spotify&utm_medium=playlistslink&utm_campaign=megahits"">Weihnachts-Hits?</a> ðŸŽ…ðŸŽ„",7mrWTjhYctgEQb0lJKrVWy,Unterwegs,54232673,KitschKrieg,KitschKrieg,Jamule,SFR,5tHiL8SKSaZGMBUPIiSmX4,77,german hip hop,hamburg hip hop,,140432,0,233905,0.88,0.607,6,-7.067,1,0.0777,0.195,0.0537,0.15,0.823,126.039,4
Mega Hits 2020 - Die Hits des Jahres,"Die grÃ¶ÃŸten Hits und Banger des Jahres 2020 in einer Playlist! Bock auf Mega <a href=""https://www.weihnachtsplaylist.de/?utm_source=spotify&utm_medium=playlistslink&utm_campaign=megahits"">Weihnachts-Hits?</a> ðŸŽ…ðŸŽ„",2475oDcJD5p8jBHoH8Lyf8,Mann im Mond,542655,Mann im Mond,FOURTY,,,1SnSPHBs8l5iAvoWF0aO05,61,german hip hop,german r&b,german trap,23836,0,179334,0.896,0.513,3,-7.544,0,0.0918,0.0842,0.00102,0.0967,0.66,129.998,4
Mega Hits 2020 - Die Hits des Jahres,"Die grÃ¶ÃŸten Hits und Banger des Jahres 2020 in einer Playlist! Bock auf Mega <a href=""https://www.weihnachtsplaylist.de/?utm_source=spotify&utm_medium=playlistslink&utm_campaign=megahits"">Weihnachts-Hits?</a> ðŸŽ…ðŸŽ„",3l72nWivgNKYMFC7OwMEO0,Treppenhaus,35209708,Treppenhaus,LEA,,,5Yo5iU2nf4H41waPl4ZnS1,61,german pop,,,708363,0,189667,0.623,0.716,6,-6.057,1,0.136,0.0702,1.8e-06,0.0838,0.229,161.724,4
Mega Hits 2020 - Die Hits des Jahres,"Die grÃ¶ÃŸten Hits und Banger des Jahres 2020 in einer Playlist! Bock auf Mega <a href=""https://www.weihnachtsplaylist.de/?utm_source=spotify&utm_medium=playlistslink&utm_campaign=megahits"">Weihnachts-Hits?</a> ðŸŽ…ðŸŽ„",0YU17F0BlVXvmx5ytsR43w,Monster,125920930,Monster,LUM!X,Gabry Ponte,,0TKFPt9w0AAEnhB9bd0pLy,77,edm,melbourne bounce international,pop dance,49705,0,154226,0.83,0.794,8,-6.279,0,0.432,0.0253,0.0248,0.106,0.607,128.16,4
Mega Hits 2020 - Die Hits des Jahres,"Die grÃ¶ÃŸten Hits und Banger des Jahres 2020 in einer Playlist! Bock auf Mega <a href=""https://www.weihnachtsplaylist.de/?utm_source=spotify&utm_medium=playlistslink&utm_campaign=megahits"">Weihnachts-Hits?</a> ðŸŽ…ðŸŽ„",2MlOUXmcofMackX3bxfSwi,Jerusalema (feat. Nomcebo Zikode),116977210,Jerusalema,Master KG,Nomcebo Zikode,,523y9KSneKh6APd1hKxLuF,86,south african house,,,137139,0,342613,0.88,0.483,1,-7.012,1,0.0505,0.0185,8.68e-06,0.0607,0.827,124.009,4
Mega Hits 2020 - Die Hits des Jahres,"Die grÃ¶ÃŸten Hits und Banger des Jahres 2020 in einer Playlist! Bock auf Mega <a href=""https://www.weihnachtsplaylist.de/?utm_source=spotify&utm_medium=playlistslink&utm_campaign=megahits"">Weihnachts-Hits?</a> ðŸŽ…ðŸŽ„",27ycaQnQAxaPiyeg3nr2aB,Midnight Sky,221001143,Midnight Sky,Miley Cyrus,,,5YGY8feqx7naU7z4HrwZM6,89,dance pop,pop,pop dance,13506280,0,223279,0.705,0.814,4,-5.466,0,0.0346,0.00115,0.00312,0.203,0.259,110.0,4
Mega Hits 2020 - Die Hits des Jahres,"Die grÃ¶ÃŸten Hits und Banger des Jahres 2020 in einer Playlist! Bock auf Mega <a href=""https://www.weihnachtsplaylist.de/?utm_source=spotify&utm_medium=playlistslink&utm_campaign=megahits"">Weihnachts-Hits?</a> ðŸŽ…ðŸŽ„",2RaKlveGCllSaXloN8kmzV,Alien,57089978,Nimmerland,RIN,,,18ISxWwWjV6rPLoVCXf1dz,69,german cloud rap,german hip hop,,642856,0,208947,0.835,0.601,6,-6.411,1,0.0562,0.298,0.0,0.111,0.853,137.998,4
Mega Hits 2020 - Die Hits des Jahres,"Die grÃ¶ÃŸten Hits und Banger des Jahres 2020 in einer Playlist! Bock auf Mega <a href=""https://www.weihnachtsplaylist.de/?utm_source=spotify&utm_medium=playlistslink&utm_campaign=megahits"">Weihnachts-Hits?</a> ðŸŽ…ðŸŽ„",7qwWwsa6otLM0UOEamls4s,Skifahren (feat. Joshi Mizu),75170166,NONSTOP,The Cratez,Bausa,Maxwell,3pVfscwg2QxhdHtk966inb,67,german hip hop,,,19723,1,162651,0.719,0.706,5,-6.89,0,0.253,0.224,2.37e-06,0.151,0.452,133.926,4
